App Name,App Id,Platform,Keyword,Store Domain,Store,Note,Last Update,Ranking,Change,Popularity,Difficulty,Apps in Ranking
AI Baby Generator,7,iphone,baby generator,us,🇺🇸 US,,2025-12-16 19:40:14 +0000,1000,0,55,58,236
AI Baby Generator,7,iphone,babygenerator,us,🇺🇸 US,,2025-12-16 19:42:10 +0000,1000,0,21,46,238
AI Baby Generator,7,iphone,baby maker,us,🇺🇸 US,,2025-12-16 19:42:11 +0000,1000,0,28,48,221
AI Baby Generator,7,iphone,what would our baby look like,us,🇺🇸 US,,2025-12-16 19:42:11 +0000,1000,0,21,44,218
AI Baby Generator,7,iphone,baby generator:,us,🇺🇸 US,,2025-12-16 19:42:12 +0000,1000,0,55,58,231
AI Baby Generator,7,iphone,ai baby generator free,us,🇺🇸 US,,2025-12-16 19:42:12 +0000,1000,0,39,56,239
AI Baby Generator,7,iphone,future baby,us,🇺🇸 US,,2025-12-16 19:42:12 +0000,1000,0,29,42,229
AI Baby Generator,7,iphone,ai baby,us,🇺🇸 US,,2025-12-16 19:42:13 +0000,1000,0,39,49,223
AI Baby Generator,7,iphone,baby generator free,us,🇺🇸 US,,2025-12-16 19:42:13 +0000,1000,0,34,47,236
AI Baby Generator,7,iphone,ai baby generator,us,🇺🇸 US,,2025-12-16 19:42:14 +0000,1000,0,53,57,238
AI Baby Generator,7,iphone,ai headshot photo generator,us,🇺🇸 US,,2025-12-16 19:42:14 +0000,1000,0,21,59,226
AI Baby Generator,7,iphone,baby ai future baby generator,us,🇺🇸 US,,2025-12-16 19:42:14 +0000,1000,0,21,51,240
AI Baby Generator,7,iphone,ai kid generator,us,🇺🇸 US,,2025-12-16 19:42:15 +0000,1000,0,21,54,229
AI Baby Generator,7,iphone,future baby ai,us,🇺🇸 US,,2025-12-16 19:42:15 +0000,1000,0,31,51,234
AI Baby Generator,7,iphone,future baby generator,us,🇺🇸 US,,2025-12-16 19:42:16 +0000,1000,0,38,50,234
AI Baby Generator,7,iphone,aı baby generator,us,🇺🇸 US,,2026-01-05 22:29:38 +0000,1000,0,53,47,237
AI Baby Generator,7,iphone,baby kick counter,us,🇺🇸 US,,2026-01-05 22:31:58 +0000,1000,0,37,48,214
AI Baby Generator,7,iphone,future baby generator free,us,🇺🇸 US,,2026-01-05 22:31:58 +0000,1000,0,34,45,236
AI Baby Generator,7,iphone,future,us,🇺🇸 US,,2026-01-05 22:31:59 +0000,1000,0,35,58,187
AI Baby Generator,7,iphone,happiest baby,us,🇺🇸 US,,2026-01-05 22:31:59 +0000,1000,0,34,59,211
AI Baby Generator,7,iphone,baby names,us,🇺🇸 US,,2026-01-05 22:32:00 +0000,1000,0,38,49,175
AI Baby Generator,7,iphone,baby maker face generator,us,🇺🇸 US,,2026-01-05 22:32:00 +0000,1000,0,38,61,220
AI Baby Generator,7,iphone,baby face generator,us,🇺🇸 US,,2026-01-05 22:32:49 +0000,1000,0,28,61,228
AI Baby Generator,7,iphone,what will my baby look like,us,🇺🇸 US,,2026-01-05 22:32:50 +0000,1000,0,25,50,226
AI Baby Generator,7,iphone,free baby generator app,us,🇺🇸 US,,2026-01-05 22:32:50 +0000,1000,0,26,51,219
AI Baby Generator,7,iphone,ai baby face generator,us,🇺🇸 US,,2026-01-16 00:17:00 +0000,1000,0,21,49,238
AI Baby Generator,7,iphone,генератор детей,ru,🇷🇺 Russia,,2026-01-25 08:45:50 +0000,1000,0,36,39,224
AI Baby Generator,7,iphone,baby generator,dk,🇩🇰 Denmark,,2026-01-26 21:15:28 +0000,1000,0,53,9,227
AI Baby Generator,7,iphone,baby generator,gr,🇬🇷 Greece,,2026-01-26 21:16:28 +0000,1000,0,40,9,226
AI Baby Generator,7,iphone,baby generator,es,🇪🇸 Spain,,2026-01-26 21:16:42 +0000,1000,0,43,23,225
AI Baby Generator,7,iphone,baby generator,fr,🇫🇷 France,,2026-01-26 21:17:15 +0000,1000,0,45,21,225
AI Baby Generator,7,iphone,baby generator,it,🇮🇹 Italy,,2026-01-26 21:18:59 +0000,1000,0,47,17,219
AI Baby Generator,7,iphone,baby generator,kr,🇰🇷 South Korea,,2026-01-26 21:22:22 +0000,1000,0,48,23,229
AI Baby Generator,7,iphone,baby generator,se,🇸🇪 Sweden,,2026-01-26 21:24:46 +0000,1000,0,21,17,222
AI Baby Generator,7,iphone,baby generator,tr,🇹🇷 Turkey,,2026-01-26 21:25:21 +0000,1000,0,42,53,230
AI Baby Generator,7,iphone,baby generator,ua,🇺🇦 Ukraine,,2026-01-26 21:25:35 +0000,1000,0,52,39,230
AI Baby Generator,7,iphone,baby generator,ru,🇷🇺 Russia,,2026-01-26 21:32:09 +0000,1000,0,43,43,224
AI Baby Generator,7,iphone,baby generator:,ru,🇷🇺 Russia,,2026-01-26 21:32:25 +0000,1000,0,49,43,228
AI Baby Generator,7,iphone,baby generator,ro,🇷🇴 Romania,,2026-01-26 21:34:43 +0000,1000,0,39,9,227
AI Baby Generator,7,iphone,baby generator,de,🇩🇪 Germany,,2026-01-26 21:34:58 +0000,1000,0,32,23,230
AI Baby Generator,7,iphone,toekomstige baby,nl,🇳🇱 Netherlands,,2026-01-26 21:37:03 +0000,1000,0,5,9,213
AI Baby Generator,7,iphone,babygenerator,nl,🇳🇱 Netherlands,,2026-01-26 21:37:04 +0000,1000,0,5,9,230
AI Baby Generator,7,iphone,gelukkigste baby,nl,🇳🇱 Netherlands,,2026-01-26 21:37:04 +0000,1000,0,5,5,2
AI Baby Generator,7,iphone,babymaker,nl,🇳🇱 Netherlands,,2026-01-26 21:37:06 +0000,1000,0,5,11,216
AI Baby Generator,7,iphone,ai babygenerator - ouraibaby,nl,🇳🇱 Netherlands,,2026-01-26 21:37:06 +0000,1000,0,5,5,0
AI Baby Generator,7,iphone,babynamen,nl,🇳🇱 Netherlands,,2026-01-26 21:37:06 +0000,1000,0,22,21,175
AI Baby Generator,7,iphone,ai babygenerator gratis,nl,🇳🇱 Netherlands,,2026-01-26 21:37:06 +0000,1000,0,5,15,29
AI Baby Generator,7,iphone,ai baby gezicht generator,nl,🇳🇱 Netherlands,,2026-01-26 21:37:07 +0000,1000,0,5,21,71
AI Baby Generator,7,iphone,babygenerator gratis,nl,🇳🇱 Netherlands,,2026-01-26 21:37:08 +0000,1000,0,5,15,32
AI Baby Generator,7,iphone,hoe zou onze baby eruitzien,nl,🇳🇱 Netherlands,,2026-01-26 21:37:08 +0000,1000,0,5,5,0
AI Baby Generator,7,iphone,mijn toekomstige baby ai,nl,🇳🇱 Netherlands,,2026-01-26 21:37:08 +0000,1000,0,5,5,3
AI Baby Generator,7,iphone,ai babygenerator,nl,🇳🇱 Netherlands,,2026-01-26 21:37:09 +0000,1000,0,5,9,231
AI Baby Generator,7,iphone,ai baby,nl,🇳🇱 Netherlands,,2026-01-26 21:37:10 +0000,1000,0,5,19,226
AI Baby Generator,7,iphone,toekomstige baby generator,nl,🇳🇱 Netherlands,,2026-01-26 21:37:11 +0000,1000,0,5,7,28
AI Baby Generator,7,iphone,baby ai toekomstige baby generator,nl,🇳🇱 Netherlands,,2026-01-26 21:37:11 +0000,1000,0,5,7,24
AI Baby Generator,7,iphone,hoe zal mijn baby eruitzien,nl,🇳🇱 Netherlands,,2026-01-26 21:37:12 +0000,1000,0,5,5,6
AI Baby Generator,7,iphone,baby schop teller,nl,🇳🇱 Netherlands,,2026-01-26 21:37:12 +0000,1000,0,5,5,2
AI Baby Generator,7,iphone,baby gezicht generator,nl,🇳🇱 Netherlands,,2026-01-26 21:37:12 +0000,1000,0,5,7,34
AI Baby Generator,7,iphone,ai portretfoto generator,nl,🇳🇱 Netherlands,,2026-01-26 21:37:13 +0000,1000,0,5,13,59
AI Baby Generator,7,iphone,ai kind generator,nl,🇳🇱 Netherlands,,2026-01-26 21:37:14 +0000,1000,0,5,13,42
AI Baby Generator,7,iphone,toekomst,nl,🇳🇱 Netherlands,,2026-01-26 21:37:15 +0000,1000,0,5,9,143
AI Baby Generator,7,iphone,babygenerator:,nl,🇳🇱 Netherlands,,2026-01-26 21:37:16 +0000,1000,0,5,5,195
AI Baby Generator,7,iphone,toekomstige baby ai,nl,🇳🇱 Netherlands,,2026-01-26 21:37:17 +0000,1000,0,5,7,24
AI Baby Generator,7,iphone,toekomstige baby generator gratis,nl,🇳🇱 Netherlands,,2026-01-26 21:37:17 +0000,1000,0,5,5,4
AI Baby Generator,7,iphone,gratis babygenerator app,nl,🇳🇱 Netherlands,,2026-01-26 21:37:17 +0000,1000,0,5,29,15
AI Baby Generator,7,iphone,bayi paling gembira,my,🇲🇾 Malaysia,,2026-01-26 21:37:19 +0000,1000,0,5,5,2
AI Baby Generator,7,iphone,rupa bayi kita,my,🇲🇾 Malaysia,,2026-01-26 21:37:19 +0000,1000,0,5,5,2
AI Baby Generator,7,iphone,penjana bayi percuma,my,🇲🇾 Malaysia,,2026-01-26 21:37:20 +0000,1000,0,5,9,5
AI Baby Generator,7,iphone,pengira tendangan bayi,my,🇲🇾 Malaysia,,2026-01-26 21:37:20 +0000,1000,0,5,5,0
AI Baby Generator,7,iphone,rupa bayi saya,my,🇲🇾 Malaysia,,2026-01-26 21:37:20 +0000,1000,0,5,5,4
AI Baby Generator,7,iphone,penjana bayi ai percuma,my,🇲🇾 Malaysia,,2026-01-26 21:37:21 +0000,1000,0,5,9,5
AI Baby Generator,7,iphone,penjana foto potret ai,my,🇲🇾 Malaysia,,2026-01-26 21:37:21 +0000,1000,0,5,5,28
AI Baby Generator,7,iphone,penjana bayi masa depan,my,🇲🇾 Malaysia,,2026-01-26 21:37:22 +0000,1000,0,5,5,11
AI Baby Generator,7,iphone,penjana bayi ai,my,🇲🇾 Malaysia,,2026-01-26 21:37:22 +0000,1000,0,5,7,19
AI Baby Generator,7,iphone,penjana kanak-kanak ai,my,🇲🇾 Malaysia,,2026-01-26 21:37:22 +0000,1000,0,5,5,7
AI Baby Generator,7,iphone,nama bayi,my,🇲🇾 Malaysia,,2026-01-26 21:37:23 +0000,1000,0,5,5,25
AI Baby Generator,7,iphone,bayi masa depan ai,my,🇲🇾 Malaysia,,2026-01-26 21:37:23 +0000,1000,0,5,5,19
AI Baby Generator,7,iphone,penjana bayi:,my,🇲🇾 Malaysia,,2026-01-26 21:37:24 +0000,1000,0,5,5,24
AI Baby Generator,7,iphone,bayi masa depan,my,🇲🇾 Malaysia,,2026-01-26 21:37:24 +0000,1000,0,5,5,19
AI Baby Generator,7,iphone,pembuat bayi,my,🇲🇾 Malaysia,,2026-01-26 21:37:25 +0000,1000,0,5,7,33
AI Baby Generator,7,iphone,penjana bayi ai - ouraibaby,my,🇲🇾 Malaysia,,2026-01-26 21:37:25 +0000,1000,0,5,5,0
AI Baby Generator,7,iphone,penjana wajah bayi,my,🇲🇾 Malaysia,,2026-01-26 21:37:25 +0000,1000,0,5,5,13
AI Baby Generator,7,iphone,bayi masa depan saya ai,my,🇲🇾 Malaysia,,2026-01-26 21:37:26 +0000,1000,0,5,5,2
AI Baby Generator,7,iphone,penjanababyi,my,🇲🇾 Malaysia,,2026-01-26 21:37:26 +0000,1000,0,5,9,20
AI Baby Generator,7,iphone,penjana wajah bayi ai,my,🇲🇾 Malaysia,,2026-01-26 21:37:27 +0000,1000,0,5,7,13
AI Baby Generator,7,iphone,penjana bayi,my,🇲🇾 Malaysia,,2026-01-26 21:37:27 +0000,1000,0,5,5,24
AI Baby Generator,7,iphone,aplikasi penjana bayi percuma,my,🇲🇾 Malaysia,,2026-01-26 21:37:27 +0000,1000,0,5,9,5
AI Baby Generator,7,iphone,penjana bayi masa depan percuma,my,🇲🇾 Malaysia,,2026-01-26 21:37:28 +0000,1000,0,5,9,5
AI Baby Generator,7,iphone,bayi ai,my,🇲🇾 Malaysia,,2026-01-26 21:37:28 +0000,1000,0,5,7,62
AI Baby Generator,7,iphone,masa depan,my,🇲🇾 Malaysia,,2026-01-26 21:37:29 +0000,1000,0,5,7,76
AI Baby Generator,7,iphone,bayi ai penjana bayi masa depan,my,🇲🇾 Malaysia,,2026-01-26 21:37:30 +0000,1000,0,5,5,11
AI Baby Generator,7,iphone,מחולל תינוקות,il,🇮🇱 Israel,,2026-01-26 21:37:31 +0000,1000,0,5,14,9
AI Baby Generator,7,iphone,תינוק עתידי,il,🇮🇱 Israel,,2026-01-26 21:37:32 +0000,1000,0,5,7,12
AI Baby Generator,7,iphone,התינוק העתידי שלי ai,il,🇮🇱 Israel,,2026-01-26 21:37:32 +0000,1000,0,5,5,1
AI Baby Generator,7,iphone,מונה בעיטות תינוק,il,🇮🇱 Israel,,2026-01-26 21:37:32 +0000,1000,0,5,5,1
AI Baby Generator,7,iphone,התינוק הכי מאושר,il,🇮🇱 Israel,,2026-01-26 21:37:33 +0000,1000,0,5,5,0
AI Baby Generator,7,iphone,מחוללתינוקות,il,🇮🇱 Israel,,2026-01-26 21:37:33 +0000,1000,0,5,5,1
AI Baby Generator,7,iphone,מחולל פנים תינוק ai,il,🇮🇱 Israel,,2026-01-26 21:37:33 +0000,1000,0,5,5,7
AI Baby Generator,7,iphone,איך יראה התינוק שלנו,il,🇮🇱 Israel,,2026-01-26 21:37:33 +0000,1000,0,5,5,0
AI Baby Generator,7,iphone,עתיד,il,🇮🇱 Israel,,2026-01-26 21:37:34 +0000,1000,0,5,5,50
AI Baby Generator,7,iphone,איך יראה התינוק שלי,il,🇮🇱 Israel,,2026-01-26 21:37:34 +0000,1000,0,5,10,4
AI Baby Generator,7,iphone,יוצר תינוקות,il,🇮🇱 Israel,,2026-01-26 21:37:34 +0000,1000,0,5,8,6
AI Baby Generator,7,iphone,מחולל תינוקות ai חינם,il,🇮🇱 Israel,,2026-01-26 21:37:35 +0000,1000,0,5,5,0
AI Baby Generator,7,iphone,תינוק עתידי ai,il,🇮🇱 Israel,,2026-01-26 21:37:35 +0000,1000,0,5,7,11
AI Baby Generator,7,iphone,אפליקציית מחולל תינוקות חינם,il,🇮🇱 Israel,,2026-01-26 21:37:35 +0000,1000,0,5,5,1
AI Baby Generator,7,iphone,מחולל תינוקות ai,il,🇮🇱 Israel,,2026-01-26 21:37:36 +0000,1000,0,5,15,8
AI Baby Generator,7,iphone,תינוק ai מחולל תינוק עתידי,il,🇮🇱 Israel,,2026-01-26 21:37:36 +0000,1000,0,5,5,9
AI Baby Generator,7,iphone,מחולל תמונות פורטרט ai,il,🇮🇱 Israel,,2026-01-26 21:37:36 +0000,1000,0,5,5,6
AI Baby Generator,7,iphone,מחולל תינוקות חינם,il,🇮🇱 Israel,,2026-01-26 21:37:37 +0000,1000,0,5,5,0
AI Baby Generator,7,iphone,תינוק ai,il,🇮🇱 Israel,,2026-01-26 21:37:37 +0000,1000,0,5,9,43
AI Baby Generator,7,iphone,מחולל תינוק עתידי,il,🇮🇱 Israel,,2026-01-26 21:37:38 +0000,1000,0,5,5,9
AI Baby Generator,7,iphone,מחולל ילדים ai,il,🇮🇱 Israel,,2026-01-26 21:37:38 +0000,1000,0,5,5,7
AI Baby Generator,7,iphone,שמות תינוקות,il,🇮🇱 Israel,,2026-01-26 21:37:38 +0000,1000,0,5,5,9
AI Baby Generator,7,iphone,מחולל תינוקות ai - ouraibaby,il,🇮🇱 Israel,,2026-01-26 21:37:39 +0000,1000,0,5,5,0
AI Baby Generator,7,iphone,מחולל תינוק עתידי חינם,il,🇮🇱 Israel,,2026-01-26 21:37:39 +0000,1000,0,5,5,9
AI Baby Generator,7,iphone,מחולל פנים תינוק,il,🇮🇱 Israel,,2026-01-26 21:37:39 +0000,1000,0,5,5,7
AI Baby Generator,7,iphone,מחולל תינוקות:,il,🇮🇱 Israel,,2026-01-26 21:37:39 +0000,1000,0,5,14,9
AI Baby Generator,7,iphone,zukünftiger baby-generator kostenlos,de,🇩🇪 Germany,,2026-01-26 21:37:41 +0000,1000,0,5,9,14
AI Baby Generator,7,iphone,ki baby,de,🇩🇪 Germany,,2026-01-26 21:37:43 +0000,1000,0,5,13,217
AI Baby Generator,7,iphone,baby-generator:,de,🇩🇪 Germany,,2026-01-26 21:37:44 +0000,1000,0,5,13,217
AI Baby Generator,7,iphone,mein zukünftiges baby ki,de,🇩🇪 Germany,,2026-01-26 21:37:45 +0000,1000,0,5,9,37
AI Baby Generator,7,iphone,zukunft,de,🇩🇪 Germany,,2026-01-26 21:37:45 +0000,1000,0,5,19,157
AI Baby Generator,7,iphone,baby-generator,de,🇩🇪 Germany,,2026-01-26 21:37:46 +0000,1000,0,5,13,217
AI Baby Generator,7,iphone,baby-macher,de,🇩🇪 Germany,,2026-01-26 21:37:46 +0000,1000,0,5,13,79
AI Baby Generator,7,iphone,ki kinder-generator,de,🇩🇪 Germany,,2026-01-26 21:37:47 +0000,1000,0,5,9,60
AI Baby Generator,7,iphone,baby ki zukünftiger baby-generator,de,🇩🇪 Germany,,2026-01-26 21:37:47 +0000,1000,0,5,7,11
AI Baby Generator,7,iphone,baby-generator kostenlos,de,🇩🇪 Germany,,2026-01-26 21:37:49 +0000,1000,0,5,19,180
AI Baby Generator,7,iphone,ki baby-gesicht-generator,de,🇩🇪 Germany,,2026-01-26 21:37:50 +0000,1000,0,5,19,132
AI Baby Generator,7,iphone,baby-gesicht-generator,de,🇩🇪 Germany,,2026-01-26 21:37:50 +0000,1000,0,5,13,63
AI Baby Generator,7,iphone,zukünftiger baby-generator,de,🇩🇪 Germany,,2026-01-26 21:37:51 +0000,1000,0,5,15,36
AI Baby Generator,7,iphone,zukünftiges baby,de,🇩🇪 Germany,,2026-01-26 21:37:52 +0000,1000,0,5,17,65
AI Baby Generator,7,iphone,ki baby-generator,de,🇩🇪 Germany,,2026-01-26 21:37:52 +0000,1000,0,5,11,95
AI Baby Generator,7,iphone,ki porträtfoto-generator,de,🇩🇪 Germany,,2026-01-26 21:37:53 +0000,1000,0,5,7,71
AI Baby Generator,7,iphone,wie wird mein baby aussehen,de,🇩🇪 Germany,,2026-01-26 21:37:54 +0000,1000,0,5,11,56
AI Baby Generator,7,iphone,zukünftiges baby ki,de,🇩🇪 Germany,,2026-01-26 21:37:54 +0000,1000,0,5,9,17
AI Baby Generator,7,iphone,ki baby-generator kostenlos,de,🇩🇪 Germany,,2026-01-26 21:37:56 +0000,1000,0,5,44,244
AI Baby Generator,7,iphone,kostenlose baby-generator app,de,🇩🇪 Germany,,2026-01-26 21:37:57 +0000,1000,0,5,23,180
AI Baby Generator,7,iphone,ki baby-generator - ouraibaby,de,🇩🇪 Germany,,2026-01-26 21:37:57 +0000,1000,0,5,5,0
AI Baby Generator,7,iphone,glücklichstes baby,de,🇩🇪 Germany,,2026-01-26 21:37:57 +0000,1000,0,5,5,1
AI Baby Generator,7,iphone,wie würde unser baby aussehen,de,🇩🇪 Germany,,2026-01-26 21:37:58 +0000,1000,0,5,5,0
AI Baby Generator,7,iphone,babygenerator,de,🇩🇪 Germany,,2026-01-26 21:37:58 +0000,1000,0,5,15,234
AI Baby Generator,7,iphone,babynamen,de,🇩🇪 Germany,,2026-01-26 21:37:58 +0000,1000,0,30,36,194
AI Baby Generator,7,iphone,baby-tritt-zähler,de,🇩🇪 Germany,,2026-01-26 21:37:59 +0000,1000,0,5,5,9
AI Baby Generator,7,iphone,dieťa ai generátor budúceho dieťaťa,sk,🇸🇰 Slovakia,,2026-01-26 21:38:01 +0000,1000,0,5,5,2
AI Baby Generator,7,iphone,budúcnosť,sk,🇸🇰 Slovakia,,2026-01-26 21:38:01 +0000,1000,0,5,5,37
AI Baby Generator,7,iphone,ai dieťa,sk,🇸🇰 Slovakia,,2026-01-26 21:38:03 +0000,1000,0,5,11,243
AI Baby Generator,7,iphone,generátor tváre dieťaťa,sk,🇸🇰 Slovakia,,2026-01-26 21:38:04 +0000,1000,0,5,5,1
AI Baby Generator,7,iphone,ai generátor tváre dieťaťa,sk,🇸🇰 Slovakia,,2026-01-26 21:38:04 +0000,1000,0,5,5,1
AI Baby Generator,7,iphone,generátor detí:,sk,🇸🇰 Slovakia,,2026-01-26 21:38:04 +0000,1000,0,5,5,14
AI Baby Generator,7,iphone,ai generátor detí - ouraibaby,sk,🇸🇰 Slovakia,,2026-01-26 21:38:05 +0000,1000,0,5,5,0
AI Baby Generator,7,iphone,generátor budúceho dieťaťa zadarmo,sk,🇸🇰 Slovakia,,2026-01-26 21:38:05 +0000,1000,0,5,5,0
AI Baby Generator,7,iphone,detské mená,sk,🇸🇰 Slovakia,,2026-01-26 21:38:06 +0000,1000,0,5,5,1
AI Baby Generator,7,iphone,najšťastnejšie dieťa,sk,🇸🇰 Slovakia,,2026-01-26 21:38:06 +0000,1000,0,5,5,1
AI Baby Generator,7,iphone,ai generátor detí zadarmo,sk,🇸🇰 Slovakia,,2026-01-26 21:38:06 +0000,1000,0,5,5,4
AI Baby Generator,7,iphone,generátor budúceho dieťaťa,sk,🇸🇰 Slovakia,,2026-01-26 21:38:06 +0000,1000,0,5,5,2
AI Baby Generator,7,iphone,aplikácia generátor detí zadarmo,sk,🇸🇰 Slovakia,,2026-01-26 21:38:08 +0000,1000,0,5,44,215
AI Baby Generator,7,iphone,generátordetí,sk,🇸🇰 Slovakia,,2026-01-26 21:38:08 +0000,1000,0,5,5,0
AI Baby Generator,7,iphone,ako bude vyzerať moje dieťa,sk,🇸🇰 Slovakia,,2026-01-26 21:38:08 +0000,1000,0,5,8,7
AI Baby Generator,7,iphone,ai generátor portrétnych fotiek,sk,🇸🇰 Slovakia,,2026-01-26 21:38:09 +0000,1000,0,5,5,0
AI Baby Generator,7,iphone,počítadlo kopov dieťaťa,sk,🇸🇰 Slovakia,,2026-01-26 21:38:09 +0000,1000,0,5,5,0
AI Baby Generator,7,iphone,budúce dieťa,sk,🇸🇰 Slovakia,,2026-01-26 21:38:09 +0000,1000,0,5,5,7
AI Baby Generator,7,iphone,moje budúce dieťa ai,sk,🇸🇰 Slovakia,,2026-01-26 21:38:09 +0000,1000,0,5,5,1
AI Baby Generator,7,iphone,generátor detí zadarmo,sk,🇸🇰 Slovakia,,2026-01-26 21:38:10 +0000,1000,0,5,5,4
AI Baby Generator,7,iphone,budúce dieťa ai,sk,🇸🇰 Slovakia,,2026-01-26 21:38:10 +0000,1000,0,5,5,5
AI Baby Generator,7,iphone,generátor detí,sk,🇸🇰 Slovakia,,2026-01-26 21:38:10 +0000,1000,0,5,5,14
AI Baby Generator,7,iphone,ai generátor detí,sk,🇸🇰 Slovakia,,2026-01-26 21:38:11 +0000,1000,0,5,5,9
AI Baby Generator,7,iphone,ako by vyzeralo naše dieťa,sk,🇸🇰 Slovakia,,2026-01-26 21:38:11 +0000,1000,0,5,5,0
AI Baby Generator,7,iphone,tvorca detí,sk,🇸🇰 Slovakia,,2026-01-26 21:38:11 +0000,1000,0,5,5,19
AI Baby Generator,7,iphone,내 미래 아기 ai,kr,🇰🇷 South Korea,,2026-01-26 21:38:13 +0000,1000,0,5,7,11
AI Baby Generator,7,iphone,우리 아기는 어떻게 생겼을까,kr,🇰🇷 South Korea,,2026-01-26 21:38:14 +0000,1000,0,5,10,4
AI Baby Generator,7,iphone,ai 증명사진 생성기,kr,🇰🇷 South Korea,,2026-01-26 21:38:14 +0000,1000,0,5,9,22
AI Baby Generator,7,iphone,아기생성기,kr,🇰🇷 South Korea,,2026-01-26 21:38:15 +0000,1000,0,5,11,62
AI Baby Generator,7,iphone,미래 아기,kr,🇰🇷 South Korea,,2026-01-26 21:38:16 +0000,1000,0,5,19,98
AI Baby Generator,7,iphone,아기 이름,kr,🇰🇷 South Korea,,2026-01-26 21:38:18 +0000,1000,0,5,15,203
AI Baby Generator,7,iphone,아기 메이커,kr,🇰🇷 South Korea,,2026-01-26 21:38:20 +0000,1000,0,5,15,229
AI Baby Generator,7,iphone,미래,kr,🇰🇷 South Korea,,2026-01-26 21:38:20 +0000,1000,0,25,23,174
AI Baby Generator,7,iphone,ai 아기 생성기 - ouraibaby,kr,🇰🇷 South Korea,,2026-01-26 21:38:20 +0000,1000,0,5,5,0
AI Baby Generator,7,iphone,ai 아기 얼굴 생성기,kr,🇰🇷 South Korea,,2026-01-26 21:38:21 +0000,1000,0,5,11,35
AI Baby Generator,7,iphone,내 아기는 어떻게 생겼을까,kr,🇰🇷 South Korea,,2026-01-26 21:38:21 +0000,1000,0,5,10,4
AI Baby Generator,7,iphone,가장 행복한 아기,kr,🇰🇷 South Korea,,2026-01-26 21:38:21 +0000,1000,0,5,5,1
AI Baby Generator,7,iphone,태동 카운터,kr,🇰🇷 South Korea,,2026-01-26 21:38:22 +0000,1000,0,5,7,12
AI Baby Generator,7,iphone,무료 아기 생성기 앱,kr,🇰🇷 South Korea,,2026-01-26 21:38:22 +0000,1000,0,5,13,58
AI Baby Generator,7,iphone,ai 아이 생성기,kr,🇰🇷 South Korea,,2026-01-26 21:38:23 +0000,1000,0,5,17,48
AI Baby Generator,7,iphone,ai 아기,kr,🇰🇷 South Korea,,2026-01-26 21:38:24 +0000,1000,0,5,45,221
AI Baby Generator,7,iphone,미래 아기 ai,kr,🇰🇷 South Korea,,2026-01-26 21:38:25 +0000,1000,0,5,13,66
AI Baby Generator,7,iphone,아기 생성기:,kr,🇰🇷 South Korea,,2026-01-26 21:38:25 +0000,1000,0,5,11,62
AI Baby Generator,7,iphone,ai 아기 생성기 무료,kr,🇰🇷 South Korea,,2026-01-26 21:38:26 +0000,1000,0,5,13,58
AI Baby Generator,7,iphone,미래 아기 생성기,kr,🇰🇷 South Korea,,2026-01-26 21:38:27 +0000,1000,0,5,9,39
AI Baby Generator,7,iphone,미래 아기 생성기 무료,kr,🇰🇷 South Korea,,2026-01-26 21:38:27 +0000,1000,0,5,9,39
AI Baby Generator,7,iphone,아기 생성기,kr,🇰🇷 South Korea,,2026-01-26 21:38:28 +0000,1000,0,5,11,62
AI Baby Generator,7,iphone,아기 ai 미래 아기 생성기,kr,🇰🇷 South Korea,,2026-01-26 21:38:28 +0000,1000,0,5,9,39
AI Baby Generator,7,iphone,아기 얼굴 생성기,kr,🇰🇷 South Korea,,2026-01-26 21:38:29 +0000,1000,0,5,11,35
AI Baby Generator,7,iphone,ai 아기 생성기,kr,🇰🇷 South Korea,,2026-01-26 21:38:29 +0000,1000,0,5,11,58
AI Baby Generator,7,iphone,아기 생성기 무료,kr,🇰🇷 South Korea,,2026-01-26 21:38:30 +0000,1000,0,5,11,58
AI Baby Generator,7,iphone,budoucí dítě ai,cz,🇨🇿 Czech Republic,,2026-01-26 21:38:32 +0000,1000,0,5,5,9
AI Baby Generator,7,iphone,generátor dětí zdarma,cz,🇨🇿 Czech Republic,,2026-01-26 21:38:32 +0000,1000,0,5,5,4
AI Baby Generator,7,iphone,ai generátor portrétních fotek,cz,🇨🇿 Czech Republic,,2026-01-26 21:38:33 +0000,1000,0,5,5,0
AI Baby Generator,7,iphone,generátor dětí:,cz,🇨🇿 Czech Republic,,2026-01-26 21:38:33 +0000,1000,0,5,5,17
AI Baby Generator,7,iphone,aplikace generátor dětí zdarma,cz,🇨🇿 Czech Republic,,2026-01-26 21:38:35 +0000,1000,0,5,48,222
AI Baby Generator,7,iphone,dětská jména,cz,🇨🇿 Czech Republic,,2026-01-26 21:38:35 +0000,1000,0,5,5,1
AI Baby Generator,7,iphone,generátor budoucího dítěte,cz,🇨🇿 Czech Republic,,2026-01-26 21:38:35 +0000,1000,0,5,5,2
AI Baby Generator,7,iphone,tvůrce dětí,cz,🇨🇿 Czech Republic,,2026-01-26 21:38:36 +0000,1000,0,5,5,34
AI Baby Generator,7,iphone,generátor dětí,cz,🇨🇿 Czech Republic,,2026-01-26 21:38:36 +0000,1000,0,5,5,17
AI Baby Generator,7,iphone,jak bude vypadat moje dítě,cz,🇨🇿 Czech Republic,,2026-01-26 21:38:37 +0000,1000,0,5,5,11
AI Baby Generator,7,iphone,generátor obličeje dítěte,cz,🇨🇿 Czech Republic,,2026-01-26 21:38:37 +0000,1000,0,5,5,3
AI Baby Generator,7,iphone,budoucnost,cz,🇨🇿 Czech Republic,,2026-01-26 21:38:38 +0000,1000,0,5,7,46
AI Baby Generator,7,iphone,ai generátor dětí zdarma,cz,🇨🇿 Czech Republic,,2026-01-26 21:38:38 +0000,1000,0,5,5,4
AI Baby Generator,7,iphone,počítadlo kopů dítěte,cz,🇨🇿 Czech Republic,,2026-01-26 21:38:39 +0000,1000,0,5,5,0
AI Baby Generator,7,iphone,jak by vypadalo naše dítě,cz,🇨🇿 Czech Republic,,2026-01-26 21:38:39 +0000,1000,0,5,5,1
AI Baby Generator,7,iphone,generátordětí,cz,🇨🇿 Czech Republic,,2026-01-26 21:38:39 +0000,1000,0,5,5,0
AI Baby Generator,7,iphone,ai generátor budoucího dítěte,cz,🇨🇿 Czech Republic,,2026-01-26 21:38:40 +0000,1000,0,5,5,2
AI Baby Generator,7,iphone,ai generátor dětí - ouraibaby,cz,🇨🇿 Czech Republic,,2026-01-26 21:38:40 +0000,1000,0,5,5,0
AI Baby Generator,7,iphone,generátor budoucího dítěte zdarma,cz,🇨🇿 Czech Republic,,2026-01-26 21:38:40 +0000,1000,0,5,5,0
AI Baby Generator,7,iphone,ai generátor obličeje dítěte,cz,🇨🇿 Czech Republic,,2026-01-26 21:38:41 +0000,1000,0,5,5,3
AI Baby Generator,7,iphone,budoucí dítě,cz,🇨🇿 Czech Republic,,2026-01-26 21:38:41 +0000,1000,0,5,5,10
AI Baby Generator,7,iphone,moje budoucí dítě ai,cz,🇨🇿 Czech Republic,,2026-01-26 21:38:41 +0000,1000,0,5,5,2
AI Baby Generator,7,iphone,nejšťastnější dítě,cz,🇨🇿 Czech Republic,,2026-01-26 21:38:42 +0000,1000,0,5,5,1
AI Baby Generator,7,iphone,ai generátor dětí,cz,🇨🇿 Czech Republic,,2026-01-26 21:38:42 +0000,1000,0,5,5,13
AI Baby Generator,7,iphone,ai dítě,cz,🇨🇿 Czech Republic,,2026-01-26 21:38:43 +0000,1000,0,5,17,54
AI Baby Generator,7,iphone,creador de bebés,es,🇪🇸 Spain,,2026-01-26 21:38:46 +0000,1000,0,5,34,46
AI Baby Generator,7,iphone,generador de bebés ia gratis,es,🇪🇸 Spain,,2026-01-26 21:38:46 +0000,1000,0,5,5,25
AI Baby Generator,7,iphone,generador de bebés gratis,es,🇪🇸 Spain,,2026-01-26 21:38:47 +0000,1000,0,5,9,42
AI Baby Generator,7,iphone,generador de bebés:,es,🇪🇸 Spain,,2026-01-26 21:38:47 +0000,1000,0,5,17,74
AI Baby Generator,7,iphone,generador de cara de bebé ia,es,🇪🇸 Spain,,2026-01-26 21:38:48 +0000,1000,0,5,9,66
AI Baby Generator,7,iphone,bebé más feliz,es,🇪🇸 Spain,,2026-01-26 21:38:49 +0000,1000,0,5,5,3
AI Baby Generator,7,iphone,generadordebebés,es,🇪🇸 Spain,,2026-01-26 21:38:49 +0000,1000,0,5,31,34
AI Baby Generator,7,iphone,generador de niños ia,es,🇪🇸 Spain,,2026-01-26 21:38:50 +0000,1000,0,5,5,16
AI Baby Generator,7,iphone,generador de bebés ia,es,🇪🇸 Spain,,2026-01-26 21:38:50 +0000,1000,0,5,5,51
AI Baby Generator,7,iphone,bebé futuro ia,es,🇪🇸 Spain,,2026-01-26 21:38:51 +0000,1000,0,5,7,47
AI Baby Generator,7,iphone,generador de bebé futuro,es,🇪🇸 Spain,,2026-01-26 21:38:52 +0000,1000,0,5,11,62
AI Baby Generator,7,iphone,app generador de bebés gratis,es,🇪🇸 Spain,,2026-01-26 21:38:52 +0000,1000,0,5,9,42
AI Baby Generator,7,iphone,generador de bebés,es,🇪🇸 Spain,,2026-01-26 21:38:53 +0000,1000,0,5,21,74
AI Baby Generator,7,iphone,cómo será mi bebé,es,🇪🇸 Spain,,2026-01-26 21:38:54 +0000,1000,0,5,11,54
AI Baby Generator,7,iphone,generador de bebé futuro gratis,es,🇪🇸 Spain,,2026-01-26 21:38:54 +0000,1000,0,5,11,59
AI Baby Generator,7,iphone,cómo sería nuestro bebé,es,🇪🇸 Spain,,2026-01-26 21:38:55 +0000,1000,0,5,15,2
AI Baby Generator,7,iphone,bebé ia,es,🇪🇸 Spain,,2026-01-26 21:38:56 +0000,1000,0,5,9,188
AI Baby Generator,7,iphone,nombres de bebé,es,🇪🇸 Spain,,2026-01-26 21:38:57 +0000,1000,0,5,19,47
AI Baby Generator,7,iphone,generador de cara de bebé,es,🇪🇸 Spain,,2026-01-26 21:38:57 +0000,1000,0,5,11,35
AI Baby Generator,7,iphone,mi bebé futuro ia,es,🇪🇸 Spain,,2026-01-26 21:38:58 +0000,1000,0,5,7,47
AI Baby Generator,7,iphone,bebé futuro,es,🇪🇸 Spain,,2026-01-26 21:38:59 +0000,1000,0,5,15,111
AI Baby Generator,7,iphone,generador de bebés ia - ouraibaby,es,🇪🇸 Spain,,2026-01-26 21:38:59 +0000,1000,0,5,5,0
AI Baby Generator,7,iphone,generador de bebé futuro ia,es,🇪🇸 Spain,,2026-01-26 21:39:00 +0000,1000,0,5,7,44
AI Baby Generator,7,iphone,contador de patadas del bebé,es,🇪🇸 Spain,,2026-01-26 21:39:00 +0000,1000,0,5,5,10
AI Baby Generator,7,iphone,futuro,es,🇪🇸 Spain,,2026-01-26 21:39:03 +0000,1000,0,5,21,190
AI Baby Generator,7,iphone,generador de fotos de retrato ia,es,🇪🇸 Spain,,2026-01-26 21:39:04 +0000,1000,0,5,11,76
AI Baby Generator,7,iphone,बेबी जनरेटर:,in,🇮🇳 India,,2026-01-26 21:39:06 +0000,1000,0,5,5,1
AI Baby Generator,7,iphone,एआई बेबी,in,🇮🇳 India,,2026-01-26 21:39:06 +0000,1000,0,5,7,14
AI Baby Generator,7,iphone,एआई बेबी जनरेटर,in,🇮🇳 India,,2026-01-26 21:39:07 +0000,1000,0,5,5,2
AI Baby Generator,7,iphone,बच्चों के नाम,in,🇮🇳 India,,2026-01-26 21:39:07 +0000,1000,0,5,5,1
AI Baby Generator,7,iphone,एआई हेडशॉट फोटो जनरेटर,in,🇮🇳 India,,2026-01-26 21:39:07 +0000,1000,0,5,5,0
AI Baby Generator,7,iphone,भविष्य,in,🇮🇳 India,,2026-01-26 21:39:08 +0000,1000,0,5,17,83
AI Baby Generator,7,iphone,बेबी किक काउंटर,in,🇮🇳 India,,2026-01-26 21:39:08 +0000,1000,0,5,5,0
AI Baby Generator,7,iphone,मुफ्त बेबी जनरेटर ऐप,in,🇮🇳 India,,2026-01-26 21:39:08 +0000,1000,0,5,5,0
AI Baby Generator,7,iphone,भविष्य का बेबी जनरेटर मुफ्त,in,🇮🇳 India,,2026-01-26 21:39:09 +0000,1000,0,5,5,0
AI Baby Generator,7,iphone,एआई बेबी फेस जनरेटर,in,🇮🇳 India,,2026-01-26 21:39:09 +0000,1000,0,5,5,0
AI Baby Generator,7,iphone,बेबी मेकर फेस जनरेटर,in,🇮🇳 India,,2026-01-26 21:39:09 +0000,1000,0,5,5,0
AI Baby Generator,7,iphone,बेबी जनरेटर,in,🇮🇳 India,,2026-01-26 21:39:10 +0000,1000,0,5,5,1
AI Baby Generator,7,iphone,बेबी जनरेटर मुफ्त,in,🇮🇳 India,,2026-01-26 21:39:10 +0000,1000,0,5,5,0
AI Baby Generator,7,iphone,एआई बेबी जनरेटर मुफ्त,in,🇮🇳 India,,2026-01-26 21:39:10 +0000,1000,0,5,5,0
AI Baby Generator,7,iphone,बेबी एआई भविष्य का बेबी जनरेटर,in,🇮🇳 India,,2026-01-26 21:39:11 +0000,1000,0,5,5,0
AI Baby Generator,7,iphone,सबसे खुश बच्चा,in,🇮🇳 India,,2026-01-26 21:39:11 +0000,1000,0,5,5,0
AI Baby Generator,7,iphone,मेरा भविष्य का बच्चा एआई,in,🇮🇳 India,,2026-01-26 21:39:11 +0000,1000,0,5,5,0
AI Baby Generator,7,iphone,हमारा बच्चा कैसा दिखेगा,in,🇮🇳 India,,2026-01-26 21:39:12 +0000,1000,0,5,5,0
AI Baby Generator,7,iphone,एआई बच्चा जनरेटर,in,🇮🇳 India,,2026-01-26 21:39:12 +0000,1000,0,5,5,0
AI Baby Generator,7,iphone,भविष्य का बच्चा एआई,in,🇮🇳 India,,2026-01-26 21:39:12 +0000,1000,0,5,5,0
AI Baby Generator,7,iphone,भविष्य का बच्चा,in,🇮🇳 India,,2026-01-26 21:39:13 +0000,1000,0,5,5,0
AI Baby Generator,7,iphone,भविष्य का बेबी जनरेटर,in,🇮🇳 India,,2026-01-26 21:39:13 +0000,1000,0,5,5,0
AI Baby Generator,7,iphone,मेरा बच्चा कैसा दिखेगा,in,🇮🇳 India,,2026-01-26 21:39:13 +0000,1000,0,5,5,3
AI Baby Generator,7,iphone,बेबीजनरेटर,in,🇮🇳 India,,2026-01-26 21:39:14 +0000,1000,0,5,5,1
AI Baby Generator,7,iphone,एआई बेबी जनरेटर - ouraibaby,in,🇮🇳 India,,2026-01-26 21:39:14 +0000,1000,0,5,5,0
AI Baby Generator,7,iphone,बेबी मेकर,in,🇮🇳 India,,2026-01-26 21:39:16 +0000,1000,0,5,19,227
AI Baby Generator,7,iphone,बेबी फेस जनरेटर,in,🇮🇳 India,,2026-01-26 21:39:16 +0000,1000,0,5,5,0
AI Baby Generator,7,iphone,my future baby ai,us,🇺🇸 US,,2026-01-26 21:39:18 +0000,1000,0,5,61,237
AI Baby Generator,7,iphone,ai baby generator - ouraibaby,us,🇺🇸 US,,2026-01-26 21:39:20 +0000,1000,0,5,62,223
AI Baby Generator,7,iphone,免費嬰兒產生器應用程式,tw,🇹🇼 Taiwan,,2026-01-26 21:39:22 +0000,1000,0,5,5,0
AI Baby Generator,7,iphone,最快樂的寶寶,tw,🇹🇼 Taiwan,,2026-01-26 21:39:22 +0000,1000,0,5,11,16
AI Baby Generator,7,iphone,寶寶名字,tw,🇹🇼 Taiwan,,2026-01-26 21:39:23 +0000,1000,0,5,11,104
AI Baby Generator,7,iphone,嬰兒產生器,tw,🇹🇼 Taiwan,,2026-01-26 21:39:24 +0000,1000,0,5,27,1
AI Baby Generator,7,iphone,我們的寶寶會長什麼樣,tw,🇹🇼 Taiwan,,2026-01-26 21:39:24 +0000,1000,0,5,5,2
AI Baby Generator,7,iphone,我的寶寶會長什麼樣,tw,🇹🇼 Taiwan,,2026-01-26 21:39:24 +0000,1000,0,5,5,2
AI Baby Generator,7,iphone,ai寶寶臉部產生器,tw,🇹🇼 Taiwan,,2026-01-26 21:39:25 +0000,1000,0,5,5,0
AI Baby Generator,7,iphone,寶寶ai未來寶寶產生器,tw,🇹🇼 Taiwan,,2026-01-26 21:39:25 +0000,1000,0,5,5,1
AI Baby Generator,7,iphone,ai兒童產生器,tw,🇹🇼 Taiwan,,2026-01-26 21:39:26 +0000,1000,0,5,5,0
AI Baby Generator,7,iphone,未來寶寶產生器免費,tw,🇹🇼 Taiwan,,2026-01-26 21:39:26 +0000,1000,0,5,5,1
AI Baby Generator,7,iphone,嬰兒產生器:,tw,🇹🇼 Taiwan,,2026-01-26 21:39:26 +0000,1000,0,5,27,1
AI Baby Generator,7,iphone,ai頭像照片產生器,tw,🇹🇼 Taiwan,,2026-01-26 21:39:27 +0000,1000,0,5,11,29
AI Baby Generator,7,iphone,胎動計數器,tw,🇹🇼 Taiwan,,2026-01-26 21:39:28 +0000,1000,0,5,7,90
AI Baby Generator,7,iphone,ai嬰兒產生器免費,tw,🇹🇼 Taiwan,,2026-01-26 21:39:28 +0000,1000,0,5,5,0
AI Baby Generator,7,iphone,寶寶製造器,tw,🇹🇼 Taiwan,,2026-01-26 21:39:29 +0000,1000,0,5,5,10
AI Baby Generator,7,iphone,嬰兒產生器免費,tw,🇹🇼 Taiwan,,2026-01-26 21:39:29 +0000,1000,0,5,5,0
AI Baby Generator,7,iphone,未來,tw,🇹🇼 Taiwan,,2026-01-26 21:39:30 +0000,1000,0,5,52,166
AI Baby Generator,7,iphone,ai嬰兒產生器,tw,🇹🇼 Taiwan,,2026-01-26 21:39:30 +0000,1000,0,5,27,1
AI Baby Generator,7,iphone,未來寶寶ai,tw,🇹🇼 Taiwan,,2026-01-26 21:39:31 +0000,1000,0,5,11,57
AI Baby Generator,7,iphone,ai寶寶,tw,🇹🇼 Taiwan,,2026-01-26 21:39:32 +0000,1000,0,5,34,186
AI Baby Generator,7,iphone,ai嬰兒產生器 - ouraibaby,tw,🇹🇼 Taiwan,,2026-01-26 21:39:32 +0000,1000,0,5,5,0
AI Baby Generator,7,iphone,未來寶寶產生器,tw,🇹🇼 Taiwan,,2026-01-26 21:39:33 +0000,1000,0,5,5,1
AI Baby Generator,7,iphone,寶寶臉部產生器,tw,🇹🇼 Taiwan,,2026-01-26 21:39:33 +0000,1000,0,5,5,0
AI Baby Generator,7,iphone,我的未來寶寶ai,tw,🇹🇼 Taiwan,,2026-01-26 21:39:33 +0000,1000,0,5,7,15
AI Baby Generator,7,iphone,未來寶寶,tw,🇹🇼 Taiwan,,2026-01-26 21:39:34 +0000,1000,0,5,11,89
AI Baby Generator,7,iphone,seperti apa bayi saya,id,🇮🇩 Indonesia,,2026-01-26 21:39:36 +0000,1000,0,5,5,2
AI Baby Generator,7,iphone,generator bayi masa depan,id,🇮🇩 Indonesia,,2026-01-26 21:39:37 +0000,1000,0,5,9,28
AI Baby Generator,7,iphone,generator bayi:,id,🇮🇩 Indonesia,,2026-01-26 21:39:37 +0000,1000,0,5,11,58
AI Baby Generator,7,iphone,pembuat bayi,id,🇮🇩 Indonesia,,2026-01-26 21:39:38 +0000,1000,0,5,11,64
AI Baby Generator,7,iphone,bayi masa depan,id,🇮🇩 Indonesia,,2026-01-26 21:39:39 +0000,1000,0,5,9,28
AI Baby Generator,7,iphone,generator foto potret ai,id,🇮🇩 Indonesia,,2026-01-26 21:39:39 +0000,1000,0,5,7,53
AI Baby Generator,7,iphone,bayi masa depan ai,id,🇮🇩 Indonesia,,2026-01-26 21:39:40 +0000,1000,0,5,9,28
AI Baby Generator,7,iphone,seperti apa bayi kita,id,🇮🇩 Indonesia,,2026-01-26 21:39:40 +0000,1000,0,5,5,0
AI Baby Generator,7,iphone,bayi ai,id,🇮🇩 Indonesia,,2026-01-26 21:39:41 +0000,1000,0,5,21,103
AI Baby Generator,7,iphone,aplikasi generator bayi gratis,id,🇮🇩 Indonesia,,2026-01-26 21:39:42 +0000,1000,0,5,15,51
AI Baby Generator,7,iphone,generatorbayi,id,🇮🇩 Indonesia,,2026-01-26 21:39:42 +0000,1000,0,5,15,58
AI Baby Generator,7,iphone,generator anak ai,id,🇮🇩 Indonesia,,2026-01-26 21:39:43 +0000,1000,0,5,5,34
AI Baby Generator,7,iphone,generator wajah bayi ai,id,🇮🇩 Indonesia,,2026-01-26 21:39:44 +0000,1000,0,5,15,32
AI Baby Generator,7,iphone,nama bayi,id,🇮🇩 Indonesia,,2026-01-26 21:39:44 +0000,1000,0,5,13,40
AI Baby Generator,7,iphone,generator bayi ai - ouraibaby,id,🇮🇩 Indonesia,,2026-01-26 21:39:44 +0000,1000,0,5,5,0
AI Baby Generator,7,iphone,bayi masa depan saya ai,id,🇮🇩 Indonesia,,2026-01-26 21:39:45 +0000,1000,0,5,5,1
AI Baby Generator,7,iphone,generator wajah bayi,id,🇮🇩 Indonesia,,2026-01-26 21:39:46 +0000,1000,0,5,15,32
AI Baby Generator,7,iphone,generator bayi,id,🇮🇩 Indonesia,,2026-01-26 21:39:46 +0000,1000,0,5,11,58
AI Baby Generator,7,iphone,penghitung tendangan bayi,id,🇮🇩 Indonesia,,2026-01-26 21:39:46 +0000,1000,0,5,13,5
AI Baby Generator,7,iphone,generator bayi ai gratis,id,🇮🇩 Indonesia,,2026-01-26 21:39:47 +0000,1000,0,5,13,46
AI Baby Generator,7,iphone,masa depan,id,🇮🇩 Indonesia,,2026-01-26 21:39:47 +0000,1000,0,5,11,110
AI Baby Generator,7,iphone,generator bayi ai,id,🇮🇩 Indonesia,,2026-01-26 21:39:48 +0000,1000,0,5,13,46
AI Baby Generator,7,iphone,generator bayi gratis,id,🇮🇩 Indonesia,,2026-01-26 21:39:48 +0000,1000,0,5,7,9
AI Baby Generator,7,iphone,bayi ai generator bayi masa depan,id,🇮🇩 Indonesia,,2026-01-26 21:39:49 +0000,1000,0,5,9,28
AI Baby Generator,7,iphone,generator bayi masa depan gratis,id,🇮🇩 Indonesia,,2026-01-26 21:39:49 +0000,1000,0,5,9,28
AI Baby Generator,7,iphone,bayi paling bahagia,id,🇮🇩 Indonesia,,2026-01-26 21:39:50 +0000,1000,0,5,5,1
AI Baby Generator,7,iphone,em bé tương lai của tôi ai,vn,🇻🇳 Vietnam,,2026-01-26 21:39:52 +0000,1000,0,5,11,29
AI Baby Generator,7,iphone,trìnhtạoembé,vn,🇻🇳 Vietnam,,2026-01-26 21:39:53 +0000,1000,0,5,5,0
AI Baby Generator,7,iphone,em bé của chúng tôi trông như thế nào,vn,🇻🇳 Vietnam,,2026-01-26 21:39:53 +0000,1000,0,5,27,1
AI Baby Generator,7,iphone,trình tạo em bé ai miễn phí,vn,🇻🇳 Vietnam,,2026-01-26 21:39:55 +0000,1000,0,5,52,216
AI Baby Generator,7,iphone,trình tạo em bé,vn,🇻🇳 Vietnam,,2026-01-26 21:39:55 +0000,1000,0,5,11,62
AI Baby Generator,7,iphone,trình tạo em bé miễn phí,vn,🇻🇳 Vietnam,,2026-01-26 21:39:57 +0000,1000,0,5,45,215
AI Baby Generator,7,iphone,trình tạo em bé tương lai miễn phí,vn,🇻🇳 Vietnam,,2026-01-26 21:39:57 +0000,1000,0,5,19,14
AI Baby Generator,7,iphone,trình tạo khuôn mặt em bé ai,vn,🇻🇳 Vietnam,,2026-01-26 21:39:58 +0000,1000,0,5,19,44
AI Baby Generator,7,iphone,em bé tương lai ai,vn,🇻🇳 Vietnam,,2026-01-26 21:39:58 +0000,1000,0,5,7,24
AI Baby Generator,7,iphone,tương lai,vn,🇻🇳 Vietnam,,2026-01-26 21:40:02 +0000,1000,0,5,13,171
AI Baby Generator,7,iphone,tên em bé,vn,🇻🇳 Vietnam,,2026-01-26 21:40:05 +0000,1000,0,5,5,147
AI Baby Generator,7,iphone,em bé của tôi trông như thế nào,vn,🇻🇳 Vietnam,,2026-01-26 21:40:06 +0000,1000,0,5,15,4
AI Baby Generator,7,iphone,trình tạo em bé:,vn,🇻🇳 Vietnam,,2026-01-26 21:40:07 +0000,1000,0,5,11,62
AI Baby Generator,7,iphone,em bé ai trình tạo em bé tương lai,vn,🇻🇳 Vietnam,,2026-01-26 21:40:08 +0000,1000,0,5,5,11
AI Baby Generator,7,iphone,trình tạo em bé ai - ouraibaby,vn,🇻🇳 Vietnam,,2026-01-26 21:40:08 +0000,1000,0,5,5,0
AI Baby Generator,7,iphone,trình tạo em bé ai,vn,🇻🇳 Vietnam,,2026-01-26 21:40:09 +0000,1000,0,5,11,62
AI Baby Generator,7,iphone,em bé hạnh phúc nhất,vn,🇻🇳 Vietnam,,2026-01-26 21:40:10 +0000,1000,0,5,7,57
AI Baby Generator,7,iphone,trình tạo trẻ em ai,vn,🇻🇳 Vietnam,,2026-01-26 21:40:10 +0000,1000,0,5,5,28
AI Baby Generator,7,iphone,ứng dụng tạo em bé miễn phí,vn,🇻🇳 Vietnam,,2026-01-26 21:40:12 +0000,1000,0,5,49,218
AI Baby Generator,7,iphone,trình tạo ảnh chân dung ai,vn,🇻🇳 Vietnam,,2026-01-26 21:40:14 +0000,1000,0,5,23,209
AI Baby Generator,7,iphone,em bé tương lai,vn,🇻🇳 Vietnam,,2026-01-26 21:40:15 +0000,1000,0,5,13,46
AI Baby Generator,7,iphone,trình tạo khuôn mặt em bé,vn,🇻🇳 Vietnam,,2026-01-26 21:40:15 +0000,1000,0,5,13,44
AI Baby Generator,7,iphone,trình tạo em bé tương lai,vn,🇻🇳 Vietnam,,2026-01-26 21:40:16 +0000,1000,0,5,5,11
AI Baby Generator,7,iphone,đếm cử động thai,vn,🇻🇳 Vietnam,,2026-01-26 21:40:16 +0000,1000,0,5,19,11
AI Baby Generator,7,iphone,em bé ai,vn,🇻🇳 Vietnam,,2026-01-26 21:40:17 +0000,1000,0,5,5,130
AI Baby Generator,7,iphone,générateur de futur bébé,fr,🇫🇷 France,,2026-01-26 21:40:19 +0000,1000,0,5,17,75
AI Baby Generator,7,iphone,générateur de photo portrait ia,fr,🇫🇷 France,,2026-01-26 21:40:20 +0000,1000,0,5,11,108
AI Baby Generator,7,iphone,générateur de bébé ia gratuit,fr,🇫🇷 France,,2026-01-26 21:40:22 +0000,1000,0,5,40,243
AI Baby Generator,7,iphone,bébé ia,fr,🇫🇷 France,,2026-01-26 21:40:23 +0000,1000,0,5,13,165
AI Baby Generator,7,iphone,générateur de futur bébé gratuit,fr,🇫🇷 France,,2026-01-26 21:40:24 +0000,1000,0,5,17,77
AI Baby Generator,7,iphone,bébé ia générateur de futur bébé,fr,🇫🇷 France,,2026-01-26 21:40:25 +0000,1000,0,5,7,47
AI Baby Generator,7,iphone,générateur de bébé:,fr,🇫🇷 France,,2026-01-26 21:40:26 +0000,1000,0,5,19,135
AI Baby Generator,7,iphone,à quoi ressemblerait notre bébé,fr,🇫🇷 France,,2026-01-26 21:40:27 +0000,1000,0,5,9,24
AI Baby Generator,7,iphone,futur,fr,🇫🇷 France,,2026-01-26 21:40:28 +0000,1000,0,5,44,175
AI Baby Generator,7,iphone,générateur de bébé,fr,🇫🇷 France,,2026-01-26 21:40:28 +0000,1000,0,5,19,137
AI Baby Generator,7,iphone,futur bébé,fr,🇫🇷 France,,2026-01-26 21:40:29 +0000,1000,0,5,11,119
AI Baby Generator,7,iphone,générateurdeébé,fr,🇫🇷 France,,2026-01-26 21:40:30 +0000,1000,0,5,5,0
AI Baby Generator,7,iphone,compteur de coups de pied bébé,fr,🇫🇷 France,,2026-01-26 21:40:30 +0000,1000,0,5,5,6
AI Baby Generator,7,iphone,générateur de bébé ia,fr,🇫🇷 France,,2026-01-26 21:40:31 +0000,1000,0,5,7,63
AI Baby Generator,7,iphone,générateur de bébé gratuit,fr,🇫🇷 France,,2026-01-26 21:40:32 +0000,1000,0,5,19,114
AI Baby Generator,7,iphone,créateur de bébé,fr,🇫🇷 France,,2026-01-26 21:40:33 +0000,1000,0,5,5,41
AI Baby Generator,7,iphone,application générateur de bébé gratuite,fr,🇫🇷 France,,2026-01-26 21:40:34 +0000,1000,0,5,19,111
AI Baby Generator,7,iphone,générateur de bébé ia - ouraibaby,fr,🇫🇷 France,,2026-01-26 21:40:34 +0000,1000,0,5,5,0
AI Baby Generator,7,iphone,générateur de visage bébé,fr,🇫🇷 France,,2026-01-26 21:40:35 +0000,1000,0,5,19,54
AI Baby Generator,7,iphone,mon futur bébé ia,fr,🇫🇷 France,,2026-01-26 21:40:35 +0000,1000,0,5,7,51
AI Baby Generator,7,iphone,prénoms bébé,fr,🇫🇷 France,,2026-01-26 21:40:36 +0000,1000,0,5,38,63
AI Baby Generator,7,iphone,à quoi ressemblera mon bébé,fr,🇫🇷 France,,2026-01-26 21:40:37 +0000,1000,0,5,15,50
AI Baby Generator,7,iphone,générateur d'enfant ia,fr,🇫🇷 France,,2026-01-26 21:40:38 +0000,1000,0,5,15,218
AI Baby Generator,7,iphone,futur bébé ia,fr,🇫🇷 France,,2026-01-26 21:40:39 +0000,1000,0,5,7,51
AI Baby Generator,7,iphone,générateur de visage bébé ia,fr,🇫🇷 France,,2026-01-26 21:40:40 +0000,1000,0,5,15,105
AI Baby Generator,7,iphone,bébé le plus heureux,fr,🇫🇷 France,,2026-01-26 21:40:40 +0000,1000,0,5,5,1
AI Baby Generator,7,iphone,gerador de bebê:,br,🇧🇷 Brazil,,2026-01-26 21:40:43 +0000,1000,0,5,23,93
AI Baby Generator,7,iphone,contador de chutes do bebê,br,🇧🇷 Brazil,,2026-01-26 21:40:43 +0000,1000,0,5,21,14
AI Baby Generator,7,iphone,gerador de bebê grátis,br,🇧🇷 Brazil,,2026-01-26 21:40:44 +0000,1000,0,5,33,41
AI Baby Generator,7,iphone,futuro,br,🇧🇷 Brazil,,2026-01-26 21:40:44 +0000,1000,0,5,47,191
AI Baby Generator,7,iphone,geradordebebê,br,🇧🇷 Brazil,,2026-01-26 21:40:44 +0000,1000,0,5,5,3
AI Baby Generator,7,iphone,nomes de bebê,br,🇧🇷 Brazil,,2026-01-26 21:40:46 +0000,1000,0,5,39,194
AI Baby Generator,7,iphone,gerador de bebê ia grátis,br,🇧🇷 Brazil,,2026-01-26 21:40:47 +0000,1000,0,5,17,52
AI Baby Generator,7,iphone,gerador de bebê,br,🇧🇷 Brazil,,2026-01-26 21:40:48 +0000,1000,0,5,39,96
AI Baby Generator,7,iphone,gerador de bebê futuro,br,🇧🇷 Brazil,,2026-01-26 21:40:49 +0000,1000,0,5,21,56
AI Baby Generator,7,iphone,criador de bebê,br,🇧🇷 Brazil,,2026-01-26 21:40:50 +0000,1000,0,5,11,79
AI Baby Generator,7,iphone,gerador de rosto de bebê ia,br,🇧🇷 Brazil,,2026-01-26 21:40:50 +0000,1000,0,5,44,85
AI Baby Generator,7,iphone,gerador de rosto de bebê,br,🇧🇷 Brazil,,2026-01-26 21:40:51 +0000,1000,0,5,19,47
AI Baby Generator,7,iphone,app gerador de bebê grátis,br,🇧🇷 Brazil,,2026-01-26 21:40:51 +0000,1000,0,5,19,15
AI Baby Generator,7,iphone,como será meu bebê,br,🇧🇷 Brazil,,2026-01-26 21:40:52 +0000,1000,0,5,13,66
AI Baby Generator,7,iphone,bebê futuro,br,🇧🇷 Brazil,,2026-01-26 21:40:53 +0000,1000,0,5,13,113
AI Baby Generator,7,iphone,bebê futuro ia,br,🇧🇷 Brazil,,2026-01-26 21:40:53 +0000,1000,0,5,11,47
AI Baby Generator,7,iphone,bebê ia gerador de bebê futuro,br,🇧🇷 Brazil,,2026-01-26 21:40:54 +0000,1000,0,5,17,41
AI Baby Generator,7,iphone,meu bebê futuro ia,br,🇧🇷 Brazil,,2026-01-26 21:40:54 +0000,1000,0,5,11,19
AI Baby Generator,7,iphone,gerador de bebê ia,br,🇧🇷 Brazil,,2026-01-26 21:40:55 +0000,1000,0,5,36,52
AI Baby Generator,7,iphone,como seria nosso bebê,br,🇧🇷 Brazil,,2026-01-26 21:40:55 +0000,1000,0,5,45,1
AI Baby Generator,7,iphone,gerador de bebê ia - ouraibaby,br,🇧🇷 Brazil,,2026-01-26 21:40:56 +0000,1000,0,5,5,0
AI Baby Generator,7,iphone,bebê ia,br,🇧🇷 Brazil,,2026-01-26 21:40:57 +0000,1000,0,5,46,232
AI Baby Generator,7,iphone,bebê mais feliz,br,🇧🇷 Brazil,,2026-01-26 21:40:58 +0000,1000,0,5,5,5
AI Baby Generator,7,iphone,gerador de bebê futuro grátis,br,🇧🇷 Brazil,,2026-01-26 21:40:58 +0000,1000,0,5,35,56
AI Baby Generator,7,iphone,gerador de criança ia,br,🇧🇷 Brazil,,2026-01-26 21:40:59 +0000,1000,0,5,7,20
AI Baby Generator,7,iphone,gerador de foto retrato ia,br,🇧🇷 Brazil,,2026-01-26 21:40:59 +0000,1000,0,5,19,70
AI Baby Generator,7,iphone,bebek yapıcı,tr,🇹🇷 Turkey,,2026-01-26 21:41:01 +0000,1000,0,5,7,30
AI Baby Generator,7,iphone,bebeğimiz nasıl görünür,tr,🇹🇷 Turkey,,2026-01-26 21:41:02 +0000,1000,0,5,5,0
AI Baby Generator,7,iphone,bebek yüzü oluşturucu,tr,🇹🇷 Turkey,,2026-01-26 21:41:02 +0000,1000,0,5,7,11
AI Baby Generator,7,iphone,bebek oluşturucu,tr,🇹🇷 Turkey,,2026-01-26 21:41:03 +0000,1000,0,5,7,37
AI Baby Generator,7,iphone,en mutlu bebek,tr,🇹🇷 Turkey,,2026-01-26 21:41:03 +0000,1000,0,5,5,4
AI Baby Generator,7,iphone,yapay zeka bebek oluşturucu,tr,🇹🇷 Turkey,,2026-01-26 21:41:04 +0000,1000,0,5,17,185
AI Baby Generator,7,iphone,yapay zeka vesikalık fotoğraf oluşturucu,tr,🇹🇷 Turkey,,2026-01-26 21:41:04 +0000,1000,0,5,18,3
AI Baby Generator,7,iphone,yapay zeka bebek oluşturucu ücretsiz,tr,🇹🇷 Turkey,,2026-01-26 21:41:06 +0000,1000,0,5,13,185
AI Baby Generator,7,iphone,yapay zeka bebek,tr,🇹🇷 Turkey,,2026-01-26 21:41:07 +0000,1000,0,5,21,86
AI Baby Generator,7,iphone,benim gelecekteki bebeğim yapay zeka,tr,🇹🇷 Turkey,,2026-01-26 21:41:07 +0000,1000,0,5,5,0
AI Baby Generator,7,iphone,bebek isimleri,tr,🇹🇷 Turkey,,2026-01-26 21:41:09 +0000,1000,0,5,15,193
AI Baby Generator,7,iphone,ücretsiz bebek oluşturucu uygulaması,tr,🇹🇷 Turkey,,2026-01-26 21:41:10 +0000,1000,0,5,23,39
AI Baby Generator,7,iphone,bebek yapay zeka gelecek bebek oluşturucu,tr,🇹🇷 Turkey,,2026-01-26 21:41:11 +0000,1000,0,5,19,185
AI Baby Generator,7,iphone,gelecekteki bebek yapay zeka,tr,🇹🇷 Turkey,,2026-01-26 21:41:12 +0000,1000,0,5,9,22
AI Baby Generator,7,iphone,gelecekteki bebek oluşturucu,tr,🇹🇷 Turkey,,2026-01-26 21:41:12 +0000,1000,0,5,5,15
AI Baby Generator,7,iphone,bebekoluşturucu,tr,🇹🇷 Turkey,,2026-01-26 21:41:13 +0000,1000,0,5,5,0
AI Baby Generator,7,iphone,bebek oluşturucu ücretsiz,tr,🇹🇷 Turkey,,2026-01-26 21:41:13 +0000,1000,0,5,5,2
AI Baby Generator,7,iphone,bebek oluşturucu:,tr,🇹🇷 Turkey,,2026-01-26 21:41:14 +0000,1000,0,5,7,37
AI Baby Generator,7,iphone,gelecek,tr,🇹🇷 Turkey,,2026-01-26 21:41:15 +0000,1000,0,5,13,186
AI Baby Generator,7,iphone,yapay zeka bebek yüzü oluşturucu,tr,🇹🇷 Turkey,,2026-01-26 21:41:17 +0000,1000,0,5,17,185
AI Baby Generator,7,iphone,bebeğim nasıl görünecek,tr,🇹🇷 Turkey,,2026-01-26 21:41:17 +0000,1000,0,5,10,4
AI Baby Generator,7,iphone,bebek tekme sayacı,tr,🇹🇷 Turkey,,2026-01-26 21:41:17 +0000,1000,0,5,9,12
AI Baby Generator,7,iphone,gelecekteki bebek oluşturucu ücretsiz,tr,🇹🇷 Turkey,,2026-01-26 21:41:18 +0000,1000,0,5,5,1
AI Baby Generator,7,iphone,yapay zeka bebek oluşturucu - ouraibaby,tr,🇹🇷 Turkey,,2026-01-26 21:41:18 +0000,1000,0,5,5,0
AI Baby Generator,7,iphone,gelecekteki bebek,tr,🇹🇷 Turkey,,2026-01-26 21:41:19 +0000,1000,0,5,19,61
AI Baby Generator,7,iphone,yapay zeka çocuk oluşturucu,tr,🇹🇷 Turkey,,2026-01-26 21:41:20 +0000,1000,0,5,5,6
AI Baby Generator,7,iphone,fremtidig baby ai,dk,🇩🇰 Denmark,,2026-01-26 21:41:22 +0000,1000,0,5,5,19
AI Baby Generator,7,iphone,ai babygenerator,dk,🇩🇰 Denmark,,2026-01-26 21:41:23 +0000,1000,0,5,5,232
AI Baby Generator,7,iphone,babynavne,dk,🇩🇰 Denmark,,2026-01-26 21:41:25 +0000,1000,0,5,11,188
AI Baby Generator,7,iphone,ai babygenerator - ouraibaby,dk,🇩🇰 Denmark,,2026-01-26 21:41:25 +0000,1000,0,5,5,0
AI Baby Generator,7,iphone,babygenerator gratis,dk,🇩🇰 Denmark,,2026-01-26 21:41:26 +0000,1000,0,5,11,34
AI Baby Generator,7,iphone,baby ai fremtidig baby generator,dk,🇩🇰 Denmark,,2026-01-26 21:41:26 +0000,1000,0,5,5,20
AI Baby Generator,7,iphone,fremtidig baby generator gratis,dk,🇩🇰 Denmark,,2026-01-26 21:41:27 +0000,1000,0,5,5,3
AI Baby Generator,7,iphone,min fremtidige baby ai,dk,🇩🇰 Denmark,,2026-01-26 21:41:27 +0000,1000,0,5,5,19
AI Baby Generator,7,iphone,ai børnegenerator,dk,🇩🇰 Denmark,,2026-01-26 21:41:28 +0000,1000,0,5,5,2
AI Baby Generator,7,iphone,hvordan vil min baby se ud,dk,🇩🇰 Denmark,,2026-01-26 21:41:28 +0000,1000,0,5,5,7
AI Baby Generator,7,iphone,ai babygenerator gratis,dk,🇩🇰 Denmark,,2026-01-26 21:41:29 +0000,1000,0,5,19,29
AI Baby Generator,7,iphone,ai baby,dk,🇩🇰 Denmark,,2026-01-26 21:41:31 +0000,1000,0,5,17,231
AI Baby Generator,7,iphone,babygenerator,dk,🇩🇰 Denmark,,2026-01-26 21:41:33 +0000,1000,0,5,5,233
AI Baby Generator,7,iphone,babymager,dk,🇩🇰 Denmark,,2026-01-26 21:41:33 +0000,1000,0,5,5,1
AI Baby Generator,7,iphone,fremtidig baby,dk,🇩🇰 Denmark,,2026-01-26 21:41:33 +0000,1000,0,5,5,24
AI Baby Generator,7,iphone,babygenerator:,dk,🇩🇰 Denmark,,2026-01-26 21:41:35 +0000,1000,0,5,5,227
AI Baby Generator,7,iphone,baby spark tæller,dk,🇩🇰 Denmark,,2026-01-26 21:41:35 +0000,1000,0,5,5,6
AI Baby Generator,7,iphone,ai baby ansigt generator,dk,🇩🇰 Denmark,,2026-01-26 21:41:36 +0000,1000,0,5,11,54
AI Baby Generator,7,iphone,hvordan ville vores baby se ud,dk,🇩🇰 Denmark,,2026-01-26 21:41:36 +0000,1000,0,5,5,1
AI Baby Generator,7,iphone,ai portræt foto generator,dk,🇩🇰 Denmark,,2026-01-26 21:41:37 +0000,1000,0,5,7,42
AI Baby Generator,7,iphone,fremtidig baby generator,dk,🇩🇰 Denmark,,2026-01-26 21:41:37 +0000,1000,0,5,5,22
AI Baby Generator,7,iphone,baby ansigt generator,dk,🇩🇰 Denmark,,2026-01-26 21:41:38 +0000,1000,0,5,9,27
AI Baby Generator,7,iphone,lykkeligste baby,dk,🇩🇰 Denmark,,2026-01-26 21:41:38 +0000,1000,0,5,5,1
AI Baby Generator,7,iphone,gratis baby generator app,dk,🇩🇰 Denmark,,2026-01-26 21:41:39 +0000,1000,0,5,15,35
AI Baby Generator,7,iphone,fremtid,dk,🇩🇰 Denmark,,2026-01-26 21:41:40 +0000,1000,0,5,7,93
AI Baby Generator,7,iphone,criador de bebê,pt,🇵🇹 Portugal,,2026-01-26 21:41:42 +0000,1000,0,5,5,52
AI Baby Generator,7,iphone,gerador de foto retrato ia,pt,🇵🇹 Portugal,,2026-01-26 21:41:42 +0000,1000,0,5,13,53
AI Baby Generator,7,iphone,nomes de bebê,pt,🇵🇹 Portugal,,2026-01-26 21:41:44 +0000,1000,0,5,5,195
AI Baby Generator,7,iphone,gerador de rosto de bebê,pt,🇵🇹 Portugal,,2026-01-26 21:41:45 +0000,1000,0,5,9,36
AI Baby Generator,7,iphone,contador de chutes do bebê,pt,🇵🇹 Portugal,,2026-01-26 21:41:46 +0000,1000,0,5,10,8
AI Baby Generator,7,iphone,gerador de bebê,pt,🇵🇹 Portugal,,2026-01-26 21:41:46 +0000,1000,0,5,13,75
AI Baby Generator,7,iphone,geradordebebê,pt,🇵🇹 Portugal,,2026-01-26 21:41:47 +0000,1000,0,5,5,1
AI Baby Generator,7,iphone,gerador de bebê futuro grátis,pt,🇵🇹 Portugal,,2026-01-26 21:41:48 +0000,1000,0,5,7,47
AI Baby Generator,7,iphone,meu bebê futuro ia,pt,🇵🇹 Portugal,,2026-01-26 21:41:49 +0000,1000,0,5,9,13
AI Baby Generator,7,iphone,como será meu bebê,pt,🇵🇹 Portugal,,2026-01-26 21:41:49 +0000,1000,0,5,11,54
AI Baby Generator,7,iphone,gerador de bebê ia - ouraibaby,pt,🇵🇹 Portugal,,2026-01-26 21:41:50 +0000,1000,0,5,5,0
AI Baby Generator,7,iphone,como seria nosso bebê,pt,🇵🇹 Portugal,,2026-01-26 21:41:50 +0000,1000,0,5,5,1
AI Baby Generator,7,iphone,bebê ia,pt,🇵🇹 Portugal,,2026-01-26 21:41:51 +0000,1000,0,5,7,121
AI Baby Generator,7,iphone,bebê ia gerador de bebê futuro,pt,🇵🇹 Portugal,,2026-01-26 21:41:52 +0000,1000,0,5,9,32
AI Baby Generator,7,iphone,bebê futuro ia,pt,🇵🇹 Portugal,,2026-01-26 21:41:52 +0000,1000,0,5,9,34
AI Baby Generator,7,iphone,gerador de criança ia,pt,🇵🇹 Portugal,,2026-01-26 21:41:53 +0000,1000,0,5,5,14
AI Baby Generator,7,iphone,bebê mais feliz,pt,🇵🇹 Portugal,,2026-01-26 21:41:53 +0000,1000,0,5,5,5
AI Baby Generator,7,iphone,gerador de bebê futuro,pt,🇵🇹 Portugal,,2026-01-26 21:41:54 +0000,1000,0,5,7,47
AI Baby Generator,7,iphone,gerador de rosto de bebê ia,pt,🇵🇹 Portugal,,2026-01-26 21:41:54 +0000,1000,0,5,7,65
AI Baby Generator,7,iphone,gerador de bebê grátis,pt,🇵🇹 Portugal,,2026-01-26 21:41:55 +0000,1000,0,5,11,11
AI Baby Generator,7,iphone,bebê futuro,pt,🇵🇹 Portugal,,2026-01-26 21:41:55 +0000,1000,0,5,7,86
AI Baby Generator,7,iphone,gerador de bebê:,pt,🇵🇹 Portugal,,2026-01-26 21:41:56 +0000,1000,0,5,11,75
AI Baby Generator,7,iphone,gerador de bebê ia,pt,🇵🇹 Portugal,,2026-01-26 21:41:57 +0000,1000,0,5,11,44
AI Baby Generator,7,iphone,futuro,pt,🇵🇹 Portugal,,2026-01-26 21:41:58 +0000,1000,0,5,13,178
AI Baby Generator,7,iphone,gerador de bebê ia grátis,pt,🇵🇹 Portugal,,2026-01-26 21:41:59 +0000,1000,0,5,9,44
AI Baby Generator,7,iphone,app gerador de bebê grátis,pt,🇵🇹 Portugal,,2026-01-26 21:41:59 +0000,1000,0,5,11,11
AI Baby Generator,7,iphone,vauvan tekijä,fi,🇫🇮 Finland,,2026-01-26 21:42:02 +0000,1000,0,5,5,10
AI Baby Generator,7,iphone,tekoäly vauvan kasvot generaattori,fi,🇫🇮 Finland,,2026-01-26 21:42:02 +0000,1000,0,5,5,18
AI Baby Generator,7,iphone,miltä vauvamme näyttäisi,fi,🇫🇮 Finland,,2026-01-26 21:42:03 +0000,1000,0,5,5,0
AI Baby Generator,7,iphone,onnellisin vauva,fi,🇫🇮 Finland,,2026-01-26 21:42:03 +0000,1000,0,5,5,3
AI Baby Generator,7,iphone,vauvageneraattori,fi,🇫🇮 Finland,,2026-01-26 21:42:04 +0000,1000,0,5,5,5
AI Baby Generator,7,iphone,tekoäly vauva,fi,🇫🇮 Finland,,2026-01-26 21:42:05 +0000,1000,0,5,5,16
AI Baby Generator,7,iphone,tekoäly muotokuva generaattori,fi,🇫🇮 Finland,,2026-01-26 21:42:05 +0000,1000,0,5,5,10
AI Baby Generator,7,iphone,tuleva vauva,fi,🇫🇮 Finland,,2026-01-26 21:42:06 +0000,1000,0,5,5,18
AI Baby Generator,7,iphone,vauvan kasvot generaattori,fi,🇫🇮 Finland,,2026-01-26 21:42:07 +0000,1000,0,5,5,16
AI Baby Generator,7,iphone,tekoäly vauvageneraattori ilmainen,fi,🇫🇮 Finland,,2026-01-26 21:42:07 +0000,1000,0,5,5,0
AI Baby Generator,7,iphone,tekoäly vauvageneraattori,fi,🇫🇮 Finland,,2026-01-26 21:42:08 +0000,1000,0,5,5,8
AI Baby Generator,7,iphone,minun tuleva vauvani tekoäly,fi,🇫🇮 Finland,,2026-01-26 21:42:08 +0000,1000,0,5,5,4
AI Baby Generator,7,iphone,tulevaisuus,fi,🇫🇮 Finland,,2026-01-26 21:42:09 +0000,1000,0,5,5,45
AI Baby Generator,7,iphone,vauvan potkut laskuri,fi,🇫🇮 Finland,,2026-01-26 21:42:09 +0000,1000,0,5,5,7
AI Baby Generator,7,iphone,tuleva vauva generaattori ilmainen,fi,🇫🇮 Finland,,2026-01-26 21:42:10 +0000,1000,0,5,5,11
AI Baby Generator,7,iphone,tuleva vauva tekoäly,fi,🇫🇮 Finland,,2026-01-26 21:42:11 +0000,1000,0,5,5,4
AI Baby Generator,7,iphone,miltä vauvani näyttää,fi,🇫🇮 Finland,,2026-01-26 21:42:11 +0000,1000,0,5,9,10
AI Baby Generator,7,iphone,tekoäly vauvageneraattori - ouraibaby,fi,🇫🇮 Finland,,2026-01-26 21:42:12 +0000,1000,0,5,5,0
AI Baby Generator,7,iphone,tuleva vauva generaattori,fi,🇫🇮 Finland,,2026-01-26 21:42:13 +0000,1000,0,5,5,11
AI Baby Generator,7,iphone,vauvan nimet,fi,🇫🇮 Finland,,2026-01-26 21:42:13 +0000,1000,0,5,5,13
AI Baby Generator,7,iphone,ilmainen vauvageneraattori sovellus,fi,🇫🇮 Finland,,2026-01-26 21:42:14 +0000,1000,0,5,5,1
AI Baby Generator,7,iphone,vauva tekoäly tuleva vauva generaattori,fi,🇫🇮 Finland,,2026-01-26 21:42:15 +0000,1000,0,5,5,4
AI Baby Generator,7,iphone,tekoäly lapsi generaattori,fi,🇫🇮 Finland,,2026-01-26 21:42:15 +0000,1000,0,5,5,3
AI Baby Generator,7,iphone,vauvageneraattori:,fi,🇫🇮 Finland,,2026-01-26 21:42:16 +0000,1000,0,5,5,5
AI Baby Generator,7,iphone,vauvageneraattori ilmainen,fi,🇫🇮 Finland,,2026-01-26 21:42:16 +0000,1000,0,5,5,3
AI Baby Generator,7,iphone,kako bi izgledala naša beba,hr,🇭🇷 Croatia,,2026-01-26 21:42:19 +0000,1000,0,5,5,0
AI Baby Generator,7,iphone,buduća beba ai,hr,🇭🇷 Croatia,,2026-01-26 21:42:19 +0000,1000,0,5,9,5
AI Baby Generator,7,iphone,kreator beba,hr,🇭🇷 Croatia,,2026-01-26 21:42:20 +0000,1000,0,5,5,6
AI Baby Generator,7,iphone,imena za bebe,hr,🇭🇷 Croatia,,2026-01-26 21:42:20 +0000,1000,0,5,5,6
AI Baby Generator,7,iphone,generator buduće bebe besplatno,hr,🇭🇷 Croatia,,2026-01-26 21:42:21 +0000,1000,0,5,5,0
AI Baby Generator,7,iphone,beba ai generator buduće bebe,hr,🇭🇷 Croatia,,2026-01-26 21:42:21 +0000,1000,0,5,5,8
AI Baby Generator,7,iphone,generatorbeba,hr,🇭🇷 Croatia,,2026-01-26 21:42:21 +0000,1000,0,5,5,0
AI Baby Generator,7,iphone,ai generator djece,hr,🇭🇷 Croatia,,2026-01-26 21:42:22 +0000,1000,0,5,5,2
AI Baby Generator,7,iphone,generator beba,hr,🇭🇷 Croatia,,2026-01-26 21:42:22 +0000,1000,0,5,5,26
AI Baby Generator,7,iphone,generator buduće bebe,hr,🇭🇷 Croatia,,2026-01-26 21:42:23 +0000,1000,0,5,5,6
AI Baby Generator,7,iphone,ai generator beba,hr,🇭🇷 Croatia,,2026-01-26 21:42:23 +0000,1000,0,5,5,23
AI Baby Generator,7,iphone,brojač udaraca bebe,hr,🇭🇷 Croatia,,2026-01-26 21:42:24 +0000,1000,0,5,5,2
AI Baby Generator,7,iphone,besplatna aplikacija generator beba,hr,🇭🇷 Croatia,,2026-01-26 21:42:24 +0000,1000,0,5,5,1
AI Baby Generator,7,iphone,ai generator beba besplatno,hr,🇭🇷 Croatia,,2026-01-26 21:42:24 +0000,1000,0,5,5,1
AI Baby Generator,7,iphone,ai generator beba - ouraibaby,hr,🇭🇷 Croatia,,2026-01-26 21:42:25 +0000,1000,0,5,5,0
AI Baby Generator,7,iphone,moja buduća beba ai,hr,🇭🇷 Croatia,,2026-01-26 21:42:25 +0000,1000,0,5,5,1
AI Baby Generator,7,iphone,najsretnija beba,hr,🇭🇷 Croatia,,2026-01-26 21:42:25 +0000,1000,0,5,5,0
AI Baby Generator,7,iphone,ai generator lica bebe,hr,🇭🇷 Croatia,,2026-01-26 21:42:26 +0000,1000,0,5,5,5
AI Baby Generator,7,iphone,generator beba besplatno,hr,🇭🇷 Croatia,,2026-01-26 21:42:26 +0000,1000,0,5,5,1
AI Baby Generator,7,iphone,buduća beba,hr,🇭🇷 Croatia,,2026-01-26 21:42:26 +0000,1000,0,5,8,6
AI Baby Generator,7,iphone,ai generator portretnih fotografija,hr,🇭🇷 Croatia,,2026-01-26 21:42:27 +0000,1000,0,5,5,0
AI Baby Generator,7,iphone,kako će izgledati moja beba,hr,🇭🇷 Croatia,,2026-01-26 21:42:27 +0000,1000,0,5,5,2
AI Baby Generator,7,iphone,generator lica bebe,hr,🇭🇷 Croatia,,2026-01-26 21:42:28 +0000,1000,0,5,5,5
AI Baby Generator,7,iphone,ai beba,hr,🇭🇷 Croatia,,2026-01-26 21:42:29 +0000,1000,0,5,5,77
AI Baby Generator,7,iphone,generator beba:,hr,🇭🇷 Croatia,,2026-01-26 21:42:29 +0000,1000,0,5,5,26
AI Baby Generator,7,iphone,budućnost,hr,🇭🇷 Croatia,,2026-01-26 21:42:30 +0000,1000,0,5,5,38
AI Baby Generator,7,iphone,ai赤ちゃん,jp,🇯🇵 Japan,,2026-01-26 21:42:33 +0000,1000,0,5,15,218
AI Baby Generator,7,iphone,未来の赤ちゃんジェネレーター,jp,🇯🇵 Japan,,2026-01-26 21:42:34 +0000,1000,0,5,13,58
AI Baby Generator,7,iphone,ベビーメーカー,jp,🇯🇵 Japan,,2026-01-26 21:42:35 +0000,1000,0,5,17,218
AI Baby Generator,7,iphone,最も幸せな赤ちゃん,jp,🇯🇵 Japan,,2026-01-26 21:42:36 +0000,1000,0,5,5,0
AI Baby Generator,7,iphone,ai顔写真ジェネレーター,jp,🇯🇵 Japan,,2026-01-26 21:42:37 +0000,1000,0,5,23,173
AI Baby Generator,7,iphone,未来の赤ちゃんジェネレーター無料,jp,🇯🇵 Japan,,2026-01-26 21:42:38 +0000,1000,0,5,13,58
AI Baby Generator,7,iphone,ベビーai未来の赤ちゃんジェネレーター,jp,🇯🇵 Japan,,2026-01-26 21:42:38 +0000,1000,0,5,13,55
AI Baby Generator,7,iphone,未来の赤ちゃんai,jp,🇯🇵 Japan,,2026-01-26 21:42:39 +0000,1000,0,5,9,57
AI Baby Generator,7,iphone,私の未来の赤ちゃんai,jp,🇯🇵 Japan,,2026-01-26 21:42:39 +0000,1000,0,5,13,5
AI Baby Generator,7,iphone,無料赤ちゃんジェネレーターアプリ,jp,🇯🇵 Japan,,2026-01-26 21:42:40 +0000,1000,0,5,13,102
AI Baby Generator,7,iphone,赤ちゃんジェネレーター:,jp,🇯🇵 Japan,,2026-01-26 21:42:41 +0000,1000,0,5,15,109
AI Baby Generator,7,iphone,赤ちゃんジェネレーター無料,jp,🇯🇵 Japan,,2026-01-26 21:42:42 +0000,1000,0,5,13,102
AI Baby Generator,7,iphone,赤ちゃん顔ジェネレーター,jp,🇯🇵 Japan,,2026-01-26 21:42:43 +0000,1000,0,5,13,80
AI Baby Generator,7,iphone,ai赤ちゃんジェネレーター - ouraibaby,jp,🇯🇵 Japan,,2026-01-26 21:42:43 +0000,1000,0,5,5,0
AI Baby Generator,7,iphone,私たちの赤ちゃんはどんな顔,jp,🇯🇵 Japan,,2026-01-26 21:42:43 +0000,1000,0,5,11,7
AI Baby Generator,7,iphone,ai赤ちゃん顔ジェネレーター,jp,🇯🇵 Japan,,2026-01-26 21:42:44 +0000,1000,0,5,9,80
AI Baby Generator,7,iphone,赤ちゃんの名前,jp,🇯🇵 Japan,,2026-01-26 21:42:45 +0000,1000,0,5,35,107
AI Baby Generator,7,iphone,ai赤ちゃんジェネレーター,jp,🇯🇵 Japan,,2026-01-26 21:42:46 +0000,1000,0,5,9,82
AI Baby Generator,7,iphone,未来の赤ちゃん,jp,🇯🇵 Japan,,2026-01-26 21:42:47 +0000,1000,0,5,23,141
AI Baby Generator,7,iphone,赤ちゃんジェネレーター,jp,🇯🇵 Japan,,2026-01-26 21:42:48 +0000,1000,0,5,15,109
AI Baby Generator,7,iphone,ai赤ちゃんジェネレーター無料,jp,🇯🇵 Japan,,2026-01-26 21:42:49 +0000,1000,0,5,17,102
AI Baby Generator,7,iphone,未来,jp,🇯🇵 Japan,,2026-01-26 21:42:50 +0000,1000,0,5,48,160
AI Baby Generator,7,iphone,私の赤ちゃんはどんな顔,jp,🇯🇵 Japan,,2026-01-26 21:42:50 +0000,1000,0,5,11,7
AI Baby Generator,7,iphone,胎動カウンター,jp,🇯🇵 Japan,,2026-01-26 21:42:51 +0000,1000,0,5,54,63
AI Baby Generator,7,iphone,ai子供ジェネレーター,jp,🇯🇵 Japan,,2026-01-26 21:42:52 +0000,1000,0,5,15,71
AI Baby Generator,7,iphone,bebelușul meu viitor ai,ro,🇷🇴 Romania,,2026-01-26 21:42:54 +0000,1000,0,5,5,2
AI Baby Generator,7,iphone,viitor,ro,🇷🇴 Romania,,2026-01-26 21:42:55 +0000,1000,0,5,9,76
AI Baby Generator,7,iphone,numărător de lovituri bebeluș,ro,🇷🇴 Romania,,2026-01-26 21:42:55 +0000,1000,0,5,5,2
AI Baby Generator,7,iphone,generator de față bebeluș,ro,🇷🇴 Romania,,2026-01-26 21:42:55 +0000,1000,0,5,5,13
AI Baby Generator,7,iphone,cel mai fericit bebeluș,ro,🇷🇴 Romania,,2026-01-26 21:42:56 +0000,1000,0,5,5,0
AI Baby Generator,7,iphone,bebeluș viitor,ro,🇷🇴 Romania,,2026-01-26 21:42:56 +0000,1000,0,5,5,16
AI Baby Generator,7,iphone,generatordebebeluși,ro,🇷🇴 Romania,,2026-01-26 21:42:57 +0000,1000,0,5,5,0
AI Baby Generator,7,iphone,generator de bebeluși ai - ouraibaby,ro,🇷🇴 Romania,,2026-01-26 21:42:57 +0000,1000,0,5,5,0
AI Baby Generator,7,iphone,generator de bebeluș viitor,ro,🇷🇴 Romania,,2026-01-26 21:42:57 +0000,1000,0,5,5,12
AI Baby Generator,7,iphone,generator de bebeluși,ro,🇷🇴 Romania,,2026-01-26 21:42:58 +0000,1000,0,5,5,7
AI Baby Generator,7,iphone,cum va arăta bebelușul meu,ro,🇷🇴 Romania,,2026-01-26 21:42:58 +0000,1000,0,5,5,5
AI Baby Generator,7,iphone,cum ar arăta bebelușul nostru,ro,🇷🇴 Romania,,2026-01-26 21:42:59 +0000,1000,0,5,5,0
AI Baby Generator,7,iphone,generator de copii ai,ro,🇷🇴 Romania,,2026-01-26 21:42:59 +0000,1000,0,5,42,21
AI Baby Generator,7,iphone,generator de bebeluși ai,ro,🇷🇴 Romania,,2026-01-26 21:43:00 +0000,1000,0,5,5,20
AI Baby Generator,7,iphone,generator de bebeluși:,ro,🇷🇴 Romania,,2026-01-26 21:43:00 +0000,1000,0,5,5,7
AI Baby Generator,7,iphone,aplicație generator de bebeluși gratuit,ro,🇷🇴 Romania,,2026-01-26 21:43:00 +0000,1000,0,5,5,3
AI Baby Generator,7,iphone,nume de bebeluși,ro,🇷🇴 Romania,,2026-01-26 21:43:01 +0000,1000,0,5,5,6
AI Baby Generator,7,iphone,generator de față bebeluș ai,ro,🇷🇴 Romania,,2026-01-26 21:43:01 +0000,1000,0,5,5,13
AI Baby Generator,7,iphone,generator de bebeluș viitor gratuit,ro,🇷🇴 Romania,,2026-01-26 21:43:02 +0000,1000,0,5,5,12
AI Baby Generator,7,iphone,creator de bebeluși,ro,🇷🇴 Romania,,2026-01-26 21:43:02 +0000,1000,0,5,5,2
AI Baby Generator,7,iphone,generator de fotografii portret ai,ro,🇷🇴 Romania,,2026-01-26 21:43:03 +0000,1000,0,5,5,15
AI Baby Generator,7,iphone,bebeluș ai generator bebeluș viitor,ro,🇷🇴 Romania,,2026-01-26 21:43:03 +0000,1000,0,5,5,12
AI Baby Generator,7,iphone,bebeluș ai,ro,🇷🇴 Romania,,2026-01-26 21:43:04 +0000,1000,0,5,7,40
AI Baby Generator,7,iphone,generator de bebeluși ai gratuit,ro,🇷🇴 Romania,,2026-01-26 21:43:04 +0000,1000,0,5,5,2
AI Baby Generator,7,iphone,bebeluș viitor ai,ro,🇷🇴 Romania,,2026-01-26 21:43:05 +0000,1000,0,5,5,11
AI Baby Generator,7,iphone,generator de bebeluși gratuit,ro,🇷🇴 Romania,,2026-01-26 21:43:05 +0000,1000,0,5,5,2
AI Baby Generator,7,iphone,lyckligaste bebis,se,🇸🇪 Sweden,,2026-01-26 21:43:07 +0000,1000,0,5,7,15
AI Baby Generator,7,iphone,ai babygenerator,se,🇸🇪 Sweden,,2026-01-26 21:43:08 +0000,1000,0,5,7,231
AI Baby Generator,7,iphone,gratis babygenerator app,se,🇸🇪 Sweden,,2026-01-26 21:43:09 +0000,1000,0,5,19,15
AI Baby Generator,7,iphone,baby ansikte generator,se,🇸🇪 Sweden,,2026-01-26 21:43:10 +0000,1000,0,5,5,24
AI Baby Generator,7,iphone,hur kommer min bebis se ut,se,🇸🇪 Sweden,,2026-01-26 21:43:10 +0000,1000,0,5,5,6
AI Baby Generator,7,iphone,ai babygenerator - ouraibaby,se,🇸🇪 Sweden,,2026-01-26 21:43:11 +0000,1000,0,5,5,0
AI Baby Generator,7,iphone,framtida bebis,se,🇸🇪 Sweden,,2026-01-26 21:43:12 +0000,1000,0,5,5,19
AI Baby Generator,7,iphone,ai bebis,se,🇸🇪 Sweden,,2026-01-26 21:43:13 +0000,1000,0,5,7,52
AI Baby Generator,7,iphone,babygenerator gratis,se,🇸🇪 Sweden,,2026-01-26 21:43:14 +0000,1000,0,5,11,32
AI Baby Generator,7,iphone,framtida baby generator gratis,se,🇸🇪 Sweden,,2026-01-26 21:43:15 +0000,1000,0,5,5,3
AI Baby Generator,7,iphone,baby ai framtida baby generator,se,🇸🇪 Sweden,,2026-01-26 21:43:16 +0000,1000,0,5,5,22
AI Baby Generator,7,iphone,babyskapare,se,🇸🇪 Sweden,,2026-01-26 21:43:17 +0000,1000,0,5,5,14
AI Baby Generator,7,iphone,ai baby ansikte generator,se,🇸🇪 Sweden,,2026-01-26 21:43:18 +0000,1000,0,5,9,61
AI Baby Generator,7,iphone,ai porträttfoto generator,se,🇸🇪 Sweden,,2026-01-26 21:43:19 +0000,1000,0,5,5,38
AI Baby Generator,7,iphone,bebisnamn,se,🇸🇪 Sweden,,2026-01-26 21:43:20 +0000,1000,0,5,9,41
AI Baby Generator,7,iphone,ai babygenerator gratis,se,🇸🇪 Sweden,,2026-01-26 21:43:21 +0000,1000,0,5,15,28
AI Baby Generator,7,iphone,babygenerator,se,🇸🇪 Sweden,,2026-01-26 21:43:22 +0000,1000,0,5,7,228
AI Baby Generator,7,iphone,framtid,se,🇸🇪 Sweden,,2026-01-26 21:43:23 +0000,1000,0,5,19,105
AI Baby Generator,7,iphone,ai barn generator,se,🇸🇪 Sweden,,2026-01-26 21:43:23 +0000,1000,0,5,5,34
AI Baby Generator,7,iphone,hur skulle vår bebis se ut,se,🇸🇪 Sweden,,2026-01-26 21:43:24 +0000,1000,0,5,5,0
AI Baby Generator,7,iphone,baby spark räknare,se,🇸🇪 Sweden,,2026-01-26 21:43:24 +0000,1000,0,5,5,3
AI Baby Generator,7,iphone,babygenerator:,se,🇸🇪 Sweden,,2026-01-26 21:43:26 +0000,1000,0,5,5,198
AI Baby Generator,7,iphone,min framtida bebis ai,se,🇸🇪 Sweden,,2026-01-26 21:43:26 +0000,1000,0,5,5,15
AI Baby Generator,7,iphone,framtida bebis ai,se,🇸🇪 Sweden,,2026-01-26 21:43:27 +0000,1000,0,5,5,15
AI Baby Generator,7,iphone,framtida baby generator,se,🇸🇪 Sweden,,2026-01-26 21:43:28 +0000,1000,0,5,5,23
AI Baby Generator,7,iphone,генератор майбутньої дитини безкоштовно,ua,🇺🇦 Ukraine,,2026-01-26 21:43:30 +0000,1000,0,5,5,0
AI Baby Generator,7,iphone,найщасливіша дитина,ua,🇺🇦 Ukraine,,2026-01-26 21:43:30 +0000,1000,0,5,5,1
AI Baby Generator,7,iphone,дитина ші генератор майбутньої дитини,ua,🇺🇦 Ukraine,,2026-01-26 21:43:31 +0000,1000,0,5,5,2
AI Baby Generator,7,iphone,генератор дітей:,ua,🇺🇦 Ukraine,,2026-01-26 21:43:32 +0000,1000,0,5,5,9
AI Baby Generator,7,iphone,ші генератор дітей - ouraibaby,ua,🇺🇦 Ukraine,,2026-01-26 21:43:32 +0000,1000,0,5,5,0
AI Baby Generator,7,iphone,імена дітей,ua,🇺🇦 Ukraine,,2026-01-26 21:43:33 +0000,1000,0,5,5,4
AI Baby Generator,7,iphone,генератор дітей безкоштовно,ua,🇺🇦 Ukraine,,2026-01-26 21:43:33 +0000,1000,0,5,5,1
AI Baby Generator,7,iphone,майбутнє,ua,🇺🇦 Ukraine,,2026-01-26 21:43:34 +0000,1000,0,5,15,50
AI Baby Generator,7,iphone,моя майбутня дитина ші,ua,🇺🇦 Ukraine,,2026-01-26 21:43:34 +0000,1000,0,5,5,6
AI Baby Generator,7,iphone,ші генератор обличчя дитини,ua,🇺🇦 Ukraine,,2026-01-26 21:43:35 +0000,1000,0,5,5,9
AI Baby Generator,7,iphone,як виглядатиме моя дитина,ua,🇺🇦 Ukraine,,2026-01-26 21:43:35 +0000,1000,0,5,9,5
AI Baby Generator,7,iphone,ші дитина,ua,🇺🇦 Ukraine,,2026-01-26 21:43:36 +0000,1000,0,5,5,16
AI Baby Generator,7,iphone,безкоштовний додаток генератор дітей,ua,🇺🇦 Ukraine,,2026-01-26 21:43:36 +0000,1000,0,5,5,0
AI Baby Generator,7,iphone,творець дітей,ua,🇺🇦 Ukraine,,2026-01-26 21:43:37 +0000,1000,0,5,5,4
AI Baby Generator,7,iphone,лічильник поштовхів дитини,ua,🇺🇦 Ukraine,,2026-01-26 21:43:37 +0000,1000,0,5,5,0
AI Baby Generator,7,iphone,генератор дітей,ua,🇺🇦 Ukraine,,2026-01-26 21:43:38 +0000,1000,0,5,5,9
AI Baby Generator,7,iphone,майбутня дитина,ua,🇺🇦 Ukraine,,2026-01-26 21:43:38 +0000,1000,0,5,15,41
AI Baby Generator,7,iphone,генератор майбутньої дитини,ua,🇺🇦 Ukraine,,2026-01-26 21:43:39 +0000,1000,0,5,5,3
AI Baby Generator,7,iphone,генератор обличчя дитини,ua,🇺🇦 Ukraine,,2026-01-26 21:43:40 +0000,1000,0,5,7,17
AI Baby Generator,7,iphone,як виглядатиме наша дитина,ua,🇺🇦 Ukraine,,2026-01-26 21:43:40 +0000,1000,0,5,9,5
AI Baby Generator,7,iphone,майбутня дитина ші,ua,🇺🇦 Ukraine,,2026-01-26 21:43:40 +0000,1000,0,5,5,6
AI Baby Generator,7,iphone,ші генератор портретних фото,ua,🇺🇦 Ukraine,,2026-01-26 21:43:41 +0000,1000,0,5,5,1
AI Baby Generator,7,iphone,генератордітей,ua,🇺🇦 Ukraine,,2026-01-26 21:43:41 +0000,1000,0,5,5,0
AI Baby Generator,7,iphone,ші генератор дітей безкоштовно,ua,🇺🇦 Ukraine,,2026-01-26 21:43:41 +0000,1000,0,5,5,2
AI Baby Generator,7,iphone,ші генератор дітей,ua,🇺🇦 Ukraine,,2026-01-26 21:43:42 +0000,1000,0,5,5,4
AI Baby Generator,7,iphone,счетчик пинков ребенка,ru,🇷🇺 Russia,,2026-01-26 21:43:44 +0000,1000,0,5,5,0
AI Baby Generator,7,iphone,ии генератор лица ребенка,ru,🇷🇺 Russia,,2026-01-26 21:43:45 +0000,1000,0,5,9,10
AI Baby Generator,7,iphone,ии генератор детей - ouraibaby,ru,🇷🇺 Russia,,2026-01-26 21:43:45 +0000,1000,0,5,5,0
AI Baby Generator,7,iphone,будущий ребенок ии,ru,🇷🇺 Russia,,2026-01-26 21:43:46 +0000,1000,0,5,13,19
AI Baby Generator,7,iphone,ии генератор фото портретов,ru,🇷🇺 Russia,,2026-01-26 21:43:47 +0000,1000,0,5,15,70
AI Baby Generator,7,iphone,генератор будущего ребенка бесплатно,ru,🇷🇺 Russia,,2026-01-26 21:43:48 +0000,1000,0,5,13,26
AI Baby Generator,7,iphone,генератордетей,ru,🇷🇺 Russia,,2026-01-26 21:43:49 +0000,1000,0,5,25,15
AI Baby Generator,7,iphone,будущее,ru,🇷🇺 Russia,,2026-01-26 21:43:50 +0000,1000,0,5,42,173
AI Baby Generator,7,iphone,ии генератор будущего ребенка,ru,🇷🇺 Russia,,2026-01-26 21:43:51 +0000,1000,0,5,5,21
AI Baby Generator,7,iphone,ии генератор детей бесплатно,ru,🇷🇺 Russia,,2026-01-26 21:43:52 +0000,1000,0,5,17,17
AI Baby Generator,7,iphone,будущий ребенок,ru,🇷🇺 Russia,,2026-01-26 21:43:54 +0000,1000,0,21,45,191
AI Baby Generator,7,iphone,как будет выглядеть наш ребенок,ru,🇷🇺 Russia,,2026-01-26 21:43:54 +0000,1000,0,5,29,3
AI Baby Generator,7,iphone,генератор лица ребенка,ru,🇷🇺 Russia,,2026-01-26 21:43:55 +0000,1000,0,5,11,30
AI Baby Generator,7,iphone,генератор детей:,ru,🇷🇺 Russia,,2026-01-26 21:43:57 +0000,1000,0,5,40,224
AI Baby Generator,7,iphone,генератор детей бесплатно,ru,🇷🇺 Russia,,2026-01-26 21:43:59 +0000,1000,0,5,40,134
AI Baby Generator,7,iphone,создатель детей,ru,🇷🇺 Russia,,2026-01-26 21:44:00 +0000,1000,0,5,32,18
AI Baby Generator,7,iphone,генератор будущего ребенка,ru,🇷🇺 Russia,,2026-01-26 21:44:01 +0000,1000,0,5,17,26
AI Baby Generator,7,iphone,имена детей,ru,🇷🇺 Russia,,2026-01-26 21:44:03 +0000,1000,0,5,11,137
AI Baby Generator,7,iphone,ии генератор детей,ru,🇷🇺 Russia,,2026-01-26 21:44:03 +0000,1000,0,5,7,17
AI Baby Generator,7,iphone,бесплатное приложение генератор детей,ru,🇷🇺 Russia,,2026-01-26 21:44:04 +0000,1000,0,5,51,2
AI Baby Generator,7,iphone,ии ребенок,ru,🇷🇺 Russia,,2026-01-26 21:44:05 +0000,1000,0,5,37,70
AI Baby Generator,7,iphone,мой будущий ребенок ии,ru,🇷🇺 Russia,,2026-01-26 21:44:06 +0000,1000,0,5,21,5
AI Baby Generator,7,iphone,как будет выглядеть мой ребенок,ru,🇷🇺 Russia,,2026-01-26 21:44:06 +0000,1000,0,5,38,13
AI Baby Generator,7,iphone,самый счастливый ребенок,ru,🇷🇺 Russia,,2026-01-26 21:44:07 +0000,1000,0,5,5,1
AI Baby Generator,7,iphone,γεννήτρια μωρών:,gr,🇬🇷 Greece,,2026-01-26 21:44:09 +0000,1000,0,5,7,9
AI Baby Generator,7,iphone,μετρητής κλωτσιών μωρού,gr,🇬🇷 Greece,,2026-01-26 21:44:09 +0000,1000,0,5,5,0
AI Baby Generator,7,iphone,μελλοντικό μωρό ai,gr,🇬🇷 Greece,,2026-01-26 21:44:10 +0000,1000,0,5,9,5
AI Baby Generator,7,iphone,πιο ευτυχισμένο μωρό,gr,🇬🇷 Greece,,2026-01-26 21:44:11 +0000,1000,0,5,5,0
AI Baby Generator,7,iphone,γεννήτρια μελλοντικού μωρού,gr,🇬🇷 Greece,,2026-01-26 21:44:11 +0000,1000,0,5,5,2
AI Baby Generator,7,iphone,δωρεάν εφαρμογή γεννήτριας μωρών,gr,🇬🇷 Greece,,2026-01-26 21:44:12 +0000,1000,0,5,5,0
AI Baby Generator,7,iphone,ονόματα μωρών,gr,🇬🇷 Greece,,2026-01-26 21:44:12 +0000,1000,0,5,5,6
AI Baby Generator,7,iphone,ai γεννήτρια μωρών δωρεάν,gr,🇬🇷 Greece,,2026-01-26 21:44:13 +0000,1000,0,5,5,0
AI Baby Generator,7,iphone,γεννήτρια προσώπου μωρού,gr,🇬🇷 Greece,,2026-01-26 21:44:14 +0000,1000,0,5,5,4
AI Baby Generator,7,iphone,γεννήτρια μωρών δωρεάν,gr,🇬🇷 Greece,,2026-01-26 21:44:14 +0000,1000,0,5,5,0
AI Baby Generator,7,iphone,ai γεννήτρια παιδιών,gr,🇬🇷 Greece,,2026-01-26 21:44:15 +0000,1000,0,5,5,0
AI Baby Generator,7,iphone,γεννήτριαμωρών,gr,🇬🇷 Greece,,2026-01-26 21:44:15 +0000,1000,0,5,5,0
AI Baby Generator,7,iphone,γεννήτρια μωρών,gr,🇬🇷 Greece,,2026-01-26 21:44:16 +0000,1000,0,5,7,9
AI Baby Generator,7,iphone,πώς θα μοιάζει το μωρό μου,gr,🇬🇷 Greece,,2026-01-26 21:44:16 +0000,1000,0,5,5,4
AI Baby Generator,7,iphone,ai γεννήτρια προσώπου μωρού,gr,🇬🇷 Greece,,2026-01-26 21:44:17 +0000,1000,0,5,5,4
AI Baby Generator,7,iphone,μωρό ai γεννήτρια μελλοντικού μωρού,gr,🇬🇷 Greece,,2026-01-26 21:44:17 +0000,1000,0,5,5,2
AI Baby Generator,7,iphone,ai γεννήτρια μωρών - ouraibaby,gr,🇬🇷 Greece,,2026-01-26 21:44:18 +0000,1000,0,5,5,0
AI Baby Generator,7,iphone,γεννήτρια μελλοντικού μωρού δωρεάν,gr,🇬🇷 Greece,,2026-01-26 21:44:19 +0000,1000,0,5,5,2
AI Baby Generator,7,iphone,μέλλον,gr,🇬🇷 Greece,,2026-01-26 21:44:19 +0000,1000,0,5,17,58
AI Baby Generator,7,iphone,ai γεννήτρια μωρών,gr,🇬🇷 Greece,,2026-01-26 21:44:20 +0000,1000,0,5,8,7
AI Baby Generator,7,iphone,δημιουργός μωρών,gr,🇬🇷 Greece,,2026-01-26 21:44:20 +0000,1000,0,5,5,2
AI Baby Generator,7,iphone,μελλοντικό μωρό,gr,🇬🇷 Greece,,2026-01-26 21:44:21 +0000,1000,0,5,8,6
AI Baby Generator,7,iphone,πώς θα έμοιαζε το μωρό μας,gr,🇬🇷 Greece,,2026-01-26 21:44:21 +0000,1000,0,5,5,0
AI Baby Generator,7,iphone,το μελλοντικό μου μωρό ai,gr,🇬🇷 Greece,,2026-01-26 21:44:22 +0000,1000,0,5,5,2
AI Baby Generator,7,iphone,ai μωρό,gr,🇬🇷 Greece,,2026-01-26 21:44:23 +0000,1000,0,5,5,34
AI Baby Generator,7,iphone,ai γεννήτρια φωτογραφιών πορτρέτου,gr,🇬🇷 Greece,,2026-01-26 21:44:23 +0000,1000,0,5,5,0
AI Baby Generator,7,iphone,ai宝宝脸部生成器,cn,🇨🇳 China,,2026-01-26 21:44:25 +0000,1000,0,5,15,4
AI Baby Generator,7,iphone,宝宝生成器,cn,🇨🇳 China,,2026-01-26 21:44:26 +0000,1000,0,5,17,78
AI Baby Generator,7,iphone,胎动计数器,cn,🇨🇳 China,,2026-01-26 21:44:27 +0000,1000,0,5,33,44
AI Baby Generator,7,iphone,宝宝生成器:,cn,🇨🇳 China,,2026-01-26 21:44:28 +0000,1000,0,5,19,52
AI Baby Generator,7,iphone,未来宝宝,cn,🇨🇳 China,,2026-01-26 21:44:30 +0000,1000,0,5,41,175
AI Baby Generator,7,iphone,宝宝ai未来宝宝生成器,cn,🇨🇳 China,,2026-01-26 21:44:30 +0000,1000,0,5,7,27
AI Baby Generator,7,iphone,未来宝宝ai,cn,🇨🇳 China,,2026-01-26 21:44:31 +0000,1000,0,5,9,73
AI Baby Generator,7,iphone,我的未来宝宝ai,cn,🇨🇳 China,,2026-01-26 21:44:32 +0000,1000,0,5,7,31
AI Baby Generator,7,iphone,宝宝制作器,cn,🇨🇳 China,,2026-01-26 21:44:34 +0000,1000,0,5,44,191
AI Baby Generator,7,iphone,ai儿童生成器,cn,🇨🇳 China,,2026-01-26 21:44:35 +0000,1000,0,5,21,80
AI Baby Generator,7,iphone,免费宝宝生成器应用,cn,🇨🇳 China,,2026-01-26 21:44:36 +0000,1000,0,5,5,2
AI Baby Generator,7,iphone,未来宝宝生成器免费,cn,🇨🇳 China,,2026-01-26 21:44:36 +0000,1000,0,5,13,51
AI Baby Generator,7,iphone,ai宝宝生成器 - ouraibaby,cn,🇨🇳 China,,2026-01-26 21:44:37 +0000,1000,0,5,5,0
AI Baby Generator,7,iphone,ai宝宝,cn,🇨🇳 China,,2026-01-26 21:44:38 +0000,1000,0,5,21,189
AI Baby Generator,7,iphone,未来,cn,🇨🇳 China,,2026-01-26 21:44:40 +0000,1000,0,41,52,174
AI Baby Generator,7,iphone,最快乐的宝宝,cn,🇨🇳 China,,2026-01-26 21:44:40 +0000,1000,0,5,19,28
AI Baby Generator,7,iphone,宝宝脸部生成器,cn,🇨🇳 China,,2026-01-26 21:44:41 +0000,1000,0,5,15,4
AI Baby Generator,7,iphone,我的宝宝会长什么样,cn,🇨🇳 China,,2026-01-26 21:44:41 +0000,1000,0,5,5,3
AI Baby Generator,7,iphone,ai宝宝生成器,cn,🇨🇳 China,,2026-01-26 21:44:42 +0000,1000,0,5,15,51
AI Baby Generator,7,iphone,ai宝宝生成器免费,cn,🇨🇳 China,,2026-01-26 21:44:43 +0000,1000,0,5,17,51
AI Baby Generator,7,iphone,未来宝宝生成器,cn,🇨🇳 China,,2026-01-26 21:44:43 +0000,1000,0,5,7,27
AI Baby Generator,7,iphone,宝宝名字,cn,🇨🇳 China,,2026-01-26 21:44:45 +0000,1000,0,5,54,163
AI Baby Generator,7,iphone,宝宝生成器免费,cn,🇨🇳 China,,2026-01-26 21:44:46 +0000,1000,0,5,13,51
AI Baby Generator,7,iphone,ai头像照片生成器,cn,🇨🇳 China,,2026-01-26 21:44:47 +0000,1000,0,5,39,197
AI Baby Generator,7,iphone,我们的宝宝会长什么样,cn,🇨🇳 China,,2026-01-26 21:44:48 +0000,1000,0,5,5,3
AI Baby Generator,7,iphone,ingyenes babagenerátor alkalmazás,hu,🇭🇺 Hungary,,2026-01-26 21:44:50 +0000,1000,0,5,5,0
AI Baby Generator,7,iphone,hogyan nézne ki a babánk,hu,🇭🇺 Hungary,,2026-01-26 21:44:50 +0000,1000,0,5,5,0
AI Baby Generator,7,iphone,ai portréfotó generátor,hu,🇭🇺 Hungary,,2026-01-26 21:44:51 +0000,1000,0,5,5,0
AI Baby Generator,7,iphone,babagenerátor ingyenes,hu,🇭🇺 Hungary,,2026-01-26 21:44:51 +0000,1000,0,5,5,0
AI Baby Generator,7,iphone,jövő,hu,🇭🇺 Hungary,,2026-01-26 21:44:52 +0000,1000,0,5,7,50
AI Baby Generator,7,iphone,ai baba,hu,🇭🇺 Hungary,,2026-01-26 21:44:54 +0000,1000,0,5,39,221
AI Baby Generator,7,iphone,ai babagenerátor - ouraibaby,hu,🇭🇺 Hungary,,2026-01-26 21:44:55 +0000,1000,0,5,5,0
AI Baby Generator,7,iphone,babagenerátor:,hu,🇭🇺 Hungary,,2026-01-26 21:44:55 +0000,1000,0,5,5,3
AI Baby Generator,7,iphone,baba ai jövőbeli baba generátor,hu,🇭🇺 Hungary,,2026-01-26 21:44:56 +0000,1000,0,5,5,9
AI Baby Generator,7,iphone,babakészítő,hu,🇭🇺 Hungary,,2026-01-26 21:44:56 +0000,1000,0,5,5,3
AI Baby Generator,7,iphone,jövőbeli baba generátor,hu,🇭🇺 Hungary,,2026-01-26 21:44:57 +0000,1000,0,5,5,9
AI Baby Generator,7,iphone,baba arc generátor,hu,🇭🇺 Hungary,,2026-01-26 21:44:57 +0000,1000,0,5,11,15
AI Baby Generator,7,iphone,baba rúgás számláló,hu,🇭🇺 Hungary,,2026-01-26 21:44:58 +0000,1000,0,5,5,3
AI Baby Generator,7,iphone,ai babagenerátor,hu,🇭🇺 Hungary,,2026-01-26 21:44:58 +0000,1000,0,5,5,5
AI Baby Generator,7,iphone,jövőbeli baba generátor ingyenes,hu,🇭🇺 Hungary,,2026-01-26 21:44:59 +0000,1000,0,5,5,0
AI Baby Generator,7,iphone,ai babagenerátor ingyenes,hu,🇭🇺 Hungary,,2026-01-26 21:44:59 +0000,1000,0,5,5,0
AI Baby Generator,7,iphone,az én jövőbeli babám ai,hu,🇭🇺 Hungary,,2026-01-26 21:44:59 +0000,1000,0,5,5,0
AI Baby Generator,7,iphone,ai gyerek generátor,hu,🇭🇺 Hungary,,2026-01-26 21:45:00 +0000,1000,0,5,5,8
AI Baby Generator,7,iphone,jövőbeli baba ai,hu,🇭🇺 Hungary,,2026-01-26 21:45:00 +0000,1000,0,5,5,9
AI Baby Generator,7,iphone,baba nevek,hu,🇭🇺 Hungary,,2026-01-26 21:45:01 +0000,1000,0,5,9,9
AI Baby Generator,7,iphone,ai baba arc generátor,hu,🇭🇺 Hungary,,2026-01-26 21:45:02 +0000,1000,0,5,11,15
AI Baby Generator,7,iphone,hogyan fog kinézni a babám,hu,🇭🇺 Hungary,,2026-01-26 21:45:02 +0000,1000,0,5,5,0
AI Baby Generator,7,iphone,babagenerátor,hu,🇭🇺 Hungary,,2026-01-26 21:45:02 +0000,1000,0,5,5,3
AI Baby Generator,7,iphone,jövőbeli baba,hu,🇭🇺 Hungary,,2026-01-26 21:45:03 +0000,1000,0,5,5,9
AI Baby Generator,7,iphone,legboldogabb baba,hu,🇭🇺 Hungary,,2026-01-26 21:45:03 +0000,1000,0,5,5,1
AI Baby Generator,7,iphone,generatore di bambini ai - ouraibaby,it,🇮🇹 Italy,,2026-01-26 21:45:05 +0000,1000,0,5,5,0
AI Baby Generator,7,iphone,generatoredibambini,it,🇮🇹 Italy,,2026-01-26 21:45:06 +0000,1000,0,5,5,0
AI Baby Generator,7,iphone,generatore di bambino futuro,it,🇮🇹 Italy,,2026-01-26 21:45:06 +0000,1000,0,5,7,58
AI Baby Generator,7,iphone,bambino futuro,it,🇮🇹 Italy,,2026-01-26 21:45:08 +0000,1000,0,5,9,76
AI Baby Generator,7,iphone,bambino ai,it,🇮🇹 Italy,,2026-01-26 21:45:10 +0000,1000,0,5,19,219
AI Baby Generator,7,iphone,contatore calci bambino,it,🇮🇹 Italy,,2026-01-26 21:45:10 +0000,1000,0,5,5,12
AI Baby Generator,7,iphone,il mio bambino futuro ai,it,🇮🇹 Italy,,2026-01-26 21:45:11 +0000,1000,0,5,9,27
AI Baby Generator,7,iphone,nomi per bambini,it,🇮🇹 Italy,,2026-01-26 21:45:13 +0000,1000,0,5,13,189
AI Baby Generator,7,iphone,generatore di viso bambino,it,🇮🇹 Italy,,2026-01-26 21:45:13 +0000,1000,0,5,9,28
AI Baby Generator,7,iphone,generatore di bambino futuro gratuito,it,🇮🇹 Italy,,2026-01-26 21:45:14 +0000,1000,0,5,5,3
AI Baby Generator,7,iphone,generatore di bambini ai gratuito,it,🇮🇹 Italy,,2026-01-26 21:45:14 +0000,1000,0,5,5,3
AI Baby Generator,7,iphone,creatore di bambini,it,🇮🇹 Italy,,2026-01-26 21:45:15 +0000,1000,0,5,7,106
AI Baby Generator,7,iphone,come sarà il mio bambino,it,🇮🇹 Italy,,2026-01-26 21:45:16 +0000,1000,0,5,21,51
AI Baby Generator,7,iphone,generatore di bambini:,it,🇮🇹 Italy,,2026-01-26 21:45:17 +0000,1000,0,5,5,114
AI Baby Generator,7,iphone,app generatore di bambini gratuita,it,🇮🇹 Italy,,2026-01-26 21:45:17 +0000,1000,0,5,5,3
AI Baby Generator,7,iphone,generatore di bambini ai,it,🇮🇹 Italy,,2026-01-26 21:45:18 +0000,1000,0,5,11,79
AI Baby Generator,7,iphone,bambino ai generatore bambino futuro,it,🇮🇹 Italy,,2026-01-26 21:45:19 +0000,1000,0,5,9,58
AI Baby Generator,7,iphone,generatore di viso bambino ai,it,🇮🇹 Italy,,2026-01-26 21:45:19 +0000,1000,0,5,9,28
AI Baby Generator,7,iphone,bambino più felice,it,🇮🇹 Italy,,2026-01-26 21:45:20 +0000,1000,0,5,5,3
AI Baby Generator,7,iphone,futuro,it,🇮🇹 Italy,,2026-01-26 21:45:20 +0000,1000,0,5,40,185
AI Baby Generator,7,iphone,bambino futuro ai,it,🇮🇹 Italy,,2026-01-26 21:45:21 +0000,1000,0,5,9,49
AI Baby Generator,7,iphone,generatore di bambini gratuito,it,🇮🇹 Italy,,2026-01-26 21:45:22 +0000,1000,0,5,5,3
AI Baby Generator,7,iphone,generatore di foto ritratto ai,it,🇮🇹 Italy,,2026-01-26 21:45:22 +0000,1000,0,5,13,91
AI Baby Generator,7,iphone,come sarebbe il nostro bambino,it,🇮🇹 Italy,,2026-01-26 21:45:23 +0000,1000,0,5,5,0
AI Baby Generator,7,iphone,generatore di bambini,it,🇮🇹 Italy,,2026-01-26 21:45:24 +0000,1000,0,5,11,114
AI Baby Generator,7,iphone,générateur de bébé futur,fr,🇫🇷 France,,2026-01-26 21:45:46 +0000,1000,0,5,33,96
AI Baby Generator,7,iphone,ai baby generator,dk,🇩🇰 Denmark,,2026-01-26 21:46:27 +0000,1000,0,5,7,231
AI Baby Generator,7,iphone,baby face,us,🇺🇸 US,,2026-01-26 21:48:38 +0000,1000,0,19,60,225
AI Baby Generator,7,iphone,baby generator,hu,🇭🇺 Hungary,,2026-01-26 21:49:18 +0000,1000,0,39,13,226
AI Baby Generator,7,iphone,как будет выглядеть ваш малыш,ru,🇷🇺 Russia,,2026-01-26 22:28:23 +0000,1000,0,5,33,4
